latitude,longitude,slope,root_cohesion,elevation,label
35.016105196157916,91.33616159708814,12.445832252502441,0.0,5151,0
28.08901637725546,85.63527314100882,32.359703063964844,0.0,4393,1
30.67616439551968,79.04181861862835,27.611074447631836,0.20519999999999997,2483,1
29.579860422780218,80.21223360230769,11.215181350708008,0.028800000000000003,1532,1
28.079045077601734,96.52420185746361,23.766963958740234,0.05040000000000001,557,1
27.60177016714903,85.22510238227986,32.69353103637695,0.12240000000000001,1836,1
30.33498425061109,78.51118378029896,18.36509132385254,0.0,1482,1
20.398988387550297,85.10679425936131,19.674705505371094,0.3276,119,0
28.134830456745558,83.2367713324097,17.977497100830078,0.20160000000000003,1315,1
30.164124683571554,78.29370165001363,41.249996185302734,0.09,1095,1
21.96367394942968,72.59766409646856,1.4056018590927124,0.0,8,0
17.29333278729229,94.85656936402412,2.0017049312591553,0.1368,21,0
10.449787289812951,77.52052168497195,3.4829540252685547,0.007200000000000001,326,1
27.6481232358096,82.91068288427432,3.5847935676574707,0.18720000000000003,123,0
32.51735140185105,74.84605742109132,0.9559096097946167,0.05040000000000001,274,0
19.519088566755226,73.41989207602316,17.4119815826416,0.014400000000000001,131,0
30.070610062494712,89.54725654029252,38.60028839111328,0.0,4806,0
31.296810425317858,90.09998993461126,0.9559096097946167,0.0,5333,0
33.18488948948027,75.80815309038331,45.11194610595703,0.04680000000000001,1107,1
32.17644075152769,76.30752655682537,10.233275413513184,0.1908,959,1
26.352393269995602,84.86236267055239,3.5700347423553467,0.025200000000000004,58,0
32.761782990659974,88.43289643034225,1.136688470840454,0.0,4981,0
34.14159526706756,77.48710435640271,10.063838005065918,0.0,3190,1
24.6109192602015,92.56209246532605,4.9449238777160645,0.10080000000000001,32,1
28.008437496269938,82.82094118739077,41.860565185546875,0.2628,816,1
23.870887129143835,70.60636860616081,1.416342854499817,0.014400000000000001,14,0
27.764814391216724,87.19888072454727,25.973939895629883,0.0,4898,1
23.344025215007736,93.07467116644465,30.82267189025879,0.20160000000000003,1323,1
27.04391637571081,89.57447549340134,28.4114933013916,0.36,1666,1
30.405322337357646,79.34257457575158,28.18583106994629,0.16200000000000003,1057,1
23.68655283284251,93.01699932520417,27.93403434753418,0.2628,619,1
28.812609338613736,80.73154966805718,1.4503353834152222,0.3204,241,0
6.976271580707997,80.77466880169492,25.54555320739746,0.061200000000000004,1948,1
25.72878279975983,84.83325725534692,5.215552806854248,0.0,52,0
16.351718706478206,77.1135848612658,2.2089645862579346,0.014400000000000001,380,0
21.676123226983023,77.73638684774588,1.0286338329315186,0.014400000000000001,691,0
30.70688677823657,90.50638776914693,0.0,0.0,4723,0
25.837658612195117,94.52347405667261,1.4287465810775757,0.20519999999999997,798,1
11.323758229732833,76.91011644941274,2.170656204223633,0.21960000000000002,325,1
30.975303385131483,78.43761175852957,18.982702255249023,0.0,2534,1
27.374586231795206,88.76491375935282,6.705563545227051,0.036000000000000004,3747,1
18.24087574898156,73.44684153454675,51.592529296875,0.1548,507,1
30.384571254294485,78.8370027338491,7.4304046630859375,0.108,2176,1
35.99437054056407,96.99905131664919,30.04521369934082,0.0,4265,0
27.30721258548624,81.64001591488726,0.0,0.036000000000000004,106,0
30.852144359678697,76.9909648249835,8.248440742492676,0.20160000000000003,1249,1
33.12910411033645,75.44622186241156,32.8480110168457,0.20160000000000003,1034,1
17.674128636230552,76.07845615937488,1.3856087923049927,0.007200000000000001,511,0
32.73348605921021,77.59139876088898,44.48296356201172,0.0,5749,1
33.90929093459425,82.65142909327743,5.14029598236084,0.0,5159,0
29.181816920386858,81.07111284545437,36.16385269165039,0.1584,1084,0
30.740573601391052,72.25082456527002,5.544056415557861,0.09720000000000001,144,0
13.900665453758092,74.66010615727858,10.629986763000488,0.1404,73,1
34.32188714459035,77.74015977193918,34.76680374145508,0.0,4500,0
12.257017978404603,77.03219749652457,2.176612615585327,0.007200000000000001,642,0
34.07853353412237,74.38360471282658,10.249446868896484,0.27,2699,1
23.778719980993174,74.81344857627778,0.0,0.021599999999999998,513,0
13.693424117711718,77.22434713579774,1.3716425895690918,0.04680000000000001,728,0
34.416479744008136,92.1273976993406,1.5019464492797852,0.0,4618,0
33.242022341550275,75.23089568880812,22.99468421936035,0.0324,698,1
21.356502648893297,97.4523412090159,11.712194442749023,0.3276,1534,0
23.34186925832585,71.39598774090187,4.88024377822876,0.0,4,0
32.36400898285185,92.75936250171868,32.27143096923828,0.0,5158,0
23.86468875368341,91.8950933668673,1.4163060188293457,0.3132,127,1
14.739602097597313,74.25667276318049,2.1949877738952637,0.014400000000000001,3,1
25.93818009248809,82.17604064492137,1.4294188022613525,0.014400000000000001,90,0
29.824561506174376,94.4129812767259,24.271276473999023,0.0,4678,1
35.96337866326195,74.89968684355325,33.649147033691406,0.0,4140,0
21.3354820712449,95.082675321037,2.169009208679199,0.0,73,1
23.42002268804425,76.77024875967533,1.4136930704116821,0.021599999999999998,467,0
28.313505366756928,82.58055201736039,35.266483306884766,0.1656,1136,0
23.767131713828032,97.72318326717793,24.509328842163086,0.30600000000000005,1886,0
27.78017558257517,84.43844768797639,39.84164810180664,0.021599999999999998,238,1
24.61415319522433,78.02797998897107,4.882437705993652,0.021599999999999998,447,0
31.100079378095685,77.16451933787539,15.758536338806152,0.1908,1884,1
30.285127752342454,78.98279930446171,8.609527587890625,0.036000000000000004,653,1
12.824034585740845,75.21176157325637,11.93432331085205,0.32400000000000007,78,1
34.07745555578143,74.58087474921923,2.496938705444336,0.018000000000000002,1605,1
27.801196160223565,85.20246483712003,33.89545822143555,0.1656,1679,0
22.61342539443333,90.58238524218343,0.0,0.061200000000000004,3,0
35.57126404174378,88.20813794625555,10.82899284362793,0.0,4940,0
27.617939842263183,93.84192225061112,22.374664306640625,0.36,1671,1
9.898670863005623,76.39026139449277,3.9912993907928467,0.007200000000000001,10,1
30.28539724692769,71.84846914951288,3.0713095664978027,0.018000000000000002,128,0
28.239124861231833,82.94140526699121,30.478784561157227,0.0648,1622,1
32.565860427193506,75.09453142867878,7.3451738357543945,0.04680000000000001,345,1
30.30560934082038,79.32856085731932,11.485577583312988,0.0828,947,1
28.13132702713749,84.82732837447173,15.401671409606934,0.2736,1656,1
31.611041111702868,96.40265979952223,28.486835479736328,0.0,4426,0
29.27991294941271,83.0292605017781,26.8475284576416,0.0,5120,0
29.703558437403476,78.56589118110183,30.18077850341797,0.3132,431,1
30.581571796101898,84.05010599065152,5.058398723602295,0.0,5656,0
29.457779375668377,81.46538342365442,20.05926513671875,0.057600000000000005,1547,1
34.53640483443809,71.51510434757613,29.37175750732422,0.0036000000000000003,821,0
26.9754647510609,96.15149084608241,27.528818130493164,0.36,618,0
29.490388220481915,90.93515365425718,0.9559096097946167,0.0,3608,1
9.535392162107689,77.70458648668804,0.9559096097946167,0.021599999999999998,126,0
28.02972756850357,85.09331953009952,29.52248191833496,0.11520000000000001,1576,1
24.745936047404662,93.42501412725126,5.811766624450684,0.1404,764,1
34.1779770360744,77.50623847195445,34.84128189086914,0.0,3808,0
28.594857713743163,90.93353668674577,10.800169944763184,0.0,5069,0
34.494363679141294,71.25612005116447,3.090677261352539,0.0036000000000000003,702,1
31.34801439651267,77.4615023708053,15.286909103393555,0.061200000000000004,890,1
28.291137316182354,83.94230815655717,2.371145725250244,0.252,1137,1
11.34936021533024,76.84948016773467,29.675607681274414,0.36,993,1
32.4831255895261,90.58777513388816,3.395930290222168,0.0,4837,0
27.842698326349886,85.34179353768698,27.134429931640625,0.2484,1033,1
31.883230642791084,78.61682565771142,28.269018173217773,0.0,3304,1
30.81872703110945,89.12819246025076,1.1130489110946655,0.0,4766,0
35.758293283897466,78.44812204735376,12.4496488571167,0.0,5334,0
31.035670172224314,78.85775381691228,42.34165573120117,0.057600000000000005,2696,1
20.265049578688078,94.29386467005166,25.66518783569336,0.30600000000000005,683,0
30.72844634505544,79.49699497309172,24.022844314575195,0.061200000000000004,3052,1
27.549757712198513,83.84582909504275,29.905702590942383,0.36,433,0
21.716008425597927,71.93821084639642,1.4042948484420776,0.010799999999999999,41,0
34.30410050196478,87.12530870277787,1.9112874269485474,0.0,5094,0
33.1204802836089,75.314169515646,37.68208312988281,0.2412,1520,1
34.959511333258384,94.0995590740966,17.964088439941406,0.0,4849,0
34.38818281255837,87.19699426245062,3.0012288093566895,0.0,5023,0
27.86856980653253,83.66068631498571,5.474238395690918,0.24480000000000002,1125,1
22.12429272223025,70.45545163842874,0.9559096097946167,0.0036000000000000003,137,0
33.85081060959807,90.93245870840482,6.661805152893066,0.0,5006,0
29.303897967498703,80.65797764628779,10.707853317260742,0.018000000000000002,1193,1
27.64542828995724,84.12502548534708,1.9112874269485474,0.0324,190,1
25.771362944227096,93.80661845994523,4.365410327911377,0.17279999999999998,234,1
28.30488154002938,83.60112801164858,2.8909459114074707,0.0324,784,1
33.28837541021084,75.17807475010189,38.822593688964844,0.1548,1063,1
31.773276852014853,77.30465652219803,21.0948486328125,0.054,1321,1
27.51364543777691,87.64085184433407,37.34785461425781,0.36,2431,1
30.99362901692752,78.45944081993368,54.584869384765625,0.2484,3007,1
33.49561674625721,75.18130868512472,21.789005279541016,0.007200000000000001,2081,1
22.696160232100738,90.27111899623603,1.9112874269485474,0.24480000000000002,4,0
7.054425010426396,80.69301194236846,9.055520057678223,0.3312,843,1
26.885992548762598,88.17040870432253,2.190873622894287,0.2916,1456,1
33.330686060092866,75.17726626634618,39.93280029296875,0.32400000000000007,1839,1
29.131960422118226,81.81168396568249,36.36745071411133,0.0684,1754,1
27.638421430741108,80.08098973929782,1.4413845539093018,0.05040000000000001,143,0
35.56641313920953,95.68095330026061,3.6481246948242188,0.0,4499,0
31.302739306193047,95.90544228976208,23.64168930053711,0.0,4645,0
30.351423420310475,73.86186319580996,2.2086634635925293,0.028800000000000003,173,0
18.75911383639011,73.38512727452773,10.30101490020752,0.0,569,1
30.951048872460255,88.59216773021664,0.0,0.0,4700,0
33.76322486939642,89.12792296566552,0.9559096097946167,0.0,5447,0
27.817365835337718,83.464494256934,13.564396858215332,0.17279999999999998,1040,1
17.53453044107838,81.79093288261933,6.053741455078125,0.2628,387,0
23.821569620045675,83.95739985333039,6.508699417114258,0.3024,362,0
17.116005350207097,77.69757962747191,4.849287033081055,0.028800000000000003,542,0
25.265521607739394,73.08895272535354,2.3190712928771973,0.057600000000000005,264,0
27.720078290067573,83.47230959990584,20.254444122314453,0.36,346,1
26.145421428534465,91.79376340281861,6.537227153778076,0.0036000000000000003,77,1
27.574281719454977,85.15099137133998,22.51165199279785,0.18,1767,1
30.650831904507513,79.51909352908106,21.85167694091797,0.0324,2235,1
27.655669084196205,88.60510347030797,21.393604278564453,0.28440000000000004,1935,1
10.077076278431761,76.3220792644281,1.3623619079589844,0.0,-1,1
29.376392010927148,79.24447854672573,33.989593505859375,0.3276,586,0
28.297066197057543,86.01768595745851,12.099569320678711,0.0,4248,0
33.22019328014617,75.79656482321818,38.18754196166992,0.036000000000000004,1065,1
19.254444884053616,84.56322368094058,3.5848448276519775,0.10439999999999999,65,0
27.0926948956385,85.55011285207429,3.059522867202759,0.036000000000000004,144,1
27.10051023861034,87.7831449853386,24.626256942749023,0.1764,2154,1
27.465675401604926,80.58332764617747,6.5552778244018555,0.0828,136,0
33.00971800907696,74.94011103133863,33.19340133666992,0.21960000000000002,1396,1
30.404244359016705,79.33179479234214,10.139062881469727,0.11159999999999999,1066,1
28.2321180020157,83.72267006958995,6.753981113433838,0.1368,941,1
6.993519234163092,81.04739732195361,17.67802619934082,0.0036000000000000003,755,1
34.58680032187719,96.98692406031357,5.299167633056641,0.0,4578,0
22.533116008033044,92.89896069687086,17.28339195251465,0.0,801,1
27.382401574767044,86.0567626723177,31.716716766357422,0.028800000000000003,528,1
27.500170708515114,90.50800473665835,21.06363868713379,0.2592,2164,1
23.25536149646514,96.30429427591115,0.0,0.36,237,0
35.26862162252391,75.62705272910482,42.89345932006836,0.0,2862,1
17.27500715549625,95.6936195457667,0.9559096097946167,0.014400000000000001,3,0
24.544084603063006,85.34906989148834,3.5512115955352783,0.234,245,1
27.716574860459506,85.14991339299905,14.129122734069824,0.0792,928,1
33.32206223336532,75.19289695228986,41.94674301147461,0.2484,1277,1
19.62419145499721,72.9083913532455,3.0394344329833984,0.17279999999999998,13,1
28.08901637725546,84.41257620779375,43.22267150878906,0.108,936,1
30.478355369956564,78.2740285452914,19.418811798095703,0.23760000000000003,2257,1
13.699891987757379,76.98234099825595,0.9838966131210327,0.014400000000000001,675,0
11.809926461498318,78.22525002536372,19.331180572509766,0.32400000000000007,1368,1
35.30635086445693,75.64133594212232,20.056411743164062,0.0,2195,1
28.944661685379305,82.24934317210553,22.112382888793945,0.05040000000000001,1707,1
27.232023596205437,88.49703614162839,9.266684532165527,0.0648,359,1
22.351207162998843,91.82960618265498,0.0,0.0,27,1
13.721990543746719,75.05545471381957,2.7418861389160156,0.20519999999999997,632,0
26.009326662990357,94.52374355125784,15.272464752197266,0.036000000000000004,1825,1
12.827807509934148,75.07728377522368,13.680693626403809,0.198,64,1
35.294493102706554,84.06492819283949,5.834110260009766,0.0,4958,0
27.986877929451072,84.27648144224963,14.542852401733398,0.054,336,1
34.780027939491305,84.69958794106994,3.4875009059906006,0.0,5175,0
17.04351130677865,80.38767457729622,1.9112874269485474,0.07200000000000001,82,0
27.098623776513687,93.81605077042848,13.997483253479004,0.3024,214,1
24.711710235079707,96.75030781447649,8.823647499084473,0.36,172,0
17.19442827451073,81.91948179977683,1.0006217956542969,0.09360000000000002,97,0
33.80553551927845,85.94384444110388,3.087167501449585,0.0,4831,0
27.30667359631577,86.77496574197126,18.062480926513672,0.2268,1568,1
27.739481900204556,83.57552602605118,37.73890686035156,0.28800000000000003,1042,1
14.893753000352223,74.58276121131588,3.9506568908691406,0.21960000000000002,405,1
17.26341888833111,73.54466806898736,5.74953031539917,0.2988,96,1
29.277756992730822,80.98703053486078,14.84754753112793,0.23040000000000002,1092,1
23.43349741730604,95.14331160271507,2.1764187812805176,0.05040000000000001,186,0
25.212700669033165,86.24972079534658,1.4246524572372437,0.0,41,0
30.241469629534247,78.89763901552718,33.77537536621094,0.14759999999999998,795,1
16.533088562341938,80.61027710470104,30.796764373779297,0.0,104,1
30.159543275622546,83.94365562948336,20.728042602539062,0.0,5272,0
30.705808799895628,76.98449695493784,12.085540771484375,0.3276,767,1
28.27173370604537,83.59061772282438,20.27935028076172,0.2268,1197,1
33.38916638508905,75.20286825194358,8.05563735961914,0.061200000000000004,1557,1
16.940564375218553,73.46489767175756,11.486372947692871,0.16200000000000003,40,1
23.11953622550627,83.94742855367666,3.2581746578216553,0.021599999999999998,812,0
11.481682056681045,75.99572132170748,2.171628475189209,0.061200000000000004,41,1
21.857762577431988,81.39288938022597,4.5327324867248535,0.007200000000000001,293,0
26.18342016505272,91.79996177827904,3.568190336227417,0.0,66,1
15.401480798936577,73.82763738348501,5.16107702255249,0.0,9,1
25.735520164390728,90.3851152057908,8.507108688354492,0.20519999999999997,332,1
27.508525040657425,85.08550418712768,39.413475036621094,0.3096,881,1
27.627641647331675,87.79230780123662,12.283037185668945,0.2772,3258,1
26.383924136468195,69.44700290047616,6.661805152893066,0.0,60,0
27.6624064488271,71.11813882352371,3.372390031814575,0.0,119,0
29.05219002488841,68.27847437889349,2.2015702724456787,0.0,129,0
22.41157395009167,79.54092259048517,10.40056324005127,0.18,559,0
29.51086980895984,91.31055961149073,1.455939769744873,0.0,5208,0
32.16997288148203,77.17880255089288,9.62625789642334,0.057600000000000005,1621,1
29.11794670368596,80.67765075101,13.515948295593262,0.2988,1261,1
35.42142505235264,87.75646502140025,3.8183305263519287,0.0,5062,0
26.721600851768724,95.02823741481936,16.747386932373047,0.0684,713,1
19.12859091274847,72.88898774310853,3.8183305263519287,0.0,26,1
28.587311865356558,83.75069750645449,40.97328567504883,0.0,4758,1
27.683427026475496,86.18046068694096,19.137664794921875,0.1548,2210,1
31.41916096701494,78.96851609144422,27.255495071411133,0.0,5327,0
26.13787558014786,94.24993705265821,14.570168495178223,0.36,1008,1
27.499901213929878,85.34987837524405,23.534685134887695,0.20160000000000003,1329,1
32.68443804469729,90.04905545800167,0.0,0.0,5119,0
34.599736061968514,79.81149515406197,2.510241746902466,0.0,5329,0
35.85611981833808,74.5099976733022,30.0079288482666,0.0,1448,1
34.6229125962988,77.56283233485398,6.681339740753174,0.0,3592,0
16.122648309027728,79.20405435894035,0.0,0.32400000000000007,432,0
20.92504181793069,81.34599732239494,1.9112874269485474,0.025200000000000004,313,0
33.92438263136746,74.61617853988513,1.1519625186920166,0.025200000000000004,2207,1
11.343161839869815,76.82845959008627,55.5550422668457,0.1548,1220,1
27.963970889706022,84.89820545038876,28.096908569335938,0.2124,1091,1
31.521568909404564,78.13469984472447,41.521846771240234,0.028800000000000003,1909,1
34.230528480195396,72.65910886190234,32.75027084350586,0.1404,915,0
20.86063261205932,92.48905943272713,1.3999305963516235,0.1908,46,1
21.65591113309033,87.39049137464995,2.170078754425049,0.1296,6,0
8.741730608588092,80.7444854081485,2.717867612838745,0.34559999999999996,93,0
20.175307881804535,83.04920310108555,2.1653146743774414,0.036000000000000004,199,0
34.30733443698761,76.62930309159698,21.232009887695312,0.0,3612,0
25.171737492077316,93.12291069720186,6.089635372161865,0.2736,716,1
20.848505355723706,92.4505217070384,31.160533905029297,0.17279999999999998,155,1
25.43799814229034,91.79915329452334,3.0542423725128174,0.11880000000000002,1881,1
32.85017721461734,96.33905907740657,36.640499114990234,0.0,4648,0
28.213253381049192,81.71008450704858,2.1972663402557373,0.0792,168,0
29.857709340158387,70.43739550121794,1.4588044881820679,0.0,137,0
30.920595984328603,78.32765796775334,42.38420867919922,0.0792,2411,1
26.22249687991192,91.92042585787947,23.01263427734375,0.36,91,1
24.62574146238947,75.38666355907444,6.355691909790039,0.18720000000000003,463,0
23.773599583873693,94.12004066257452,14.648768424987793,0.2124,244,1
27.845932261372717,95.22523795662677,0.9559096097946167,0.018000000000000002,131,1
27.993884788667202,84.09403360804497,9.994071006774902,0.1836,461,1
6.339455875795668,80.04487746487622,5.5818915367126465,0.28440000000000004,28,0
28.00789850709947,86.19177945952087,21.802221298217773,0.23760000000000003,2679,1
19.292174125986634,73.06496770726754,1.3925104141235352,0.0,21,1
16.637921955998685,75.84965525650965,1.994737148284912,0.0,614,0
20.84042051816663,86.94798126569268,1.0228145122528076,0.010799999999999999,1,0
25.504024315673124,84.42658992622601,2.117462158203125,0.028800000000000003,65,0
27.958580998001306,72.06487330145727,1.0821906328201294,0.018000000000000002,133,0
33.146621258376776,75.54889929938642,8.613924980163574,0.0,1146,1
28.107072514466264,84.30801230872223,1.4448875188827515,0.018000000000000002,484,1
23.154301027001694,89.50359841748431,0.9559096097946167,0.1908,6,0
24.60930229269008,75.29422691633854,1.0513904094696045,0.0324,521,0
33.337692919309,75.19208846853415,30.071733474731445,0.0396,1226,1
19.06687665272946,82.07255472419081,2.78136944770813,0.014400000000000001,563,0
32.0381900293017,91.25962513488115,2.954256772994995,0.0,4738,0
33.270588767585274,75.17537980424953,35.66328048706055,0.09720000000000001,1033,1
25.964590561841206,90.42230545855334,4.653036594390869,0.1548,49,0
34.51457577303398,73.91980453163568,30.220361709594727,0.1296,3454,0
26.661503559261128,68.7880886395745,2.86560320854187,0.0,31,0
27.827337134991446,93.62417062574055,19.754825592041016,0.17279999999999998,975,1
26.97950716983944,86.7000462472757,16.562522888183594,0.19440000000000002,1310,1
27.552183163465635,91.75199174210705,23.072256088256836,0.1836,2402,1
26.154853739017717,91.7350135832372,0.0,0.0,56,1
30.68802215727006,79.04774749950354,46.81135177612305,0.126,2694,1
7.2942751912863075,80.85390020975426,11.573413848876953,0.0396,882,1
27.0145414659201,95.1818493284038,10.622868537902832,0.36,140,0
18.75210697717398,96.54118001633346,0.9559096097946167,0.014400000000000001,32,0
26.520018902012303,70.28162763095162,7.789981365203857,0.0,112,0
25.890210056316107,97.59059193124189,18.03451156616211,0.36,962,0
22.076053191473033,79.4412095939479,3.0450241565704346,0.010799999999999999,600,0
30.90388732004398,77.09687619698119,19.97627830505371,0.0324,1445,1
33.849193642086654,85.78268667913284,2.4912350177764893,0.0,4927,0
12.265372310546915,76.88262800171869,3.4676339626312256,0.1404,644,0
24.7499784661832,93.43336845939356,22.340087890625,0.1836,467,1
24.167600667488514,94.3798334427419,17.270483016967773,0.23040000000000002,151,0
20.830449218512904,95.96985149563345,0.9559096097946167,0.025200000000000004,183,0
27.18620951671534,87.13042909989736,31.122995376586914,0.1584,1750,1
31.70859815155825,76.92978955413496,5.7169413566589355,0.0,758,1
13.6061078720953,76.98530543869354,0.9835056066513062,0.014400000000000001,719,0
16.417475385275754,78.05735489876177,3.0333895683288574,0.014400000000000001,389,0
34.15857342593742,72.8542229416131,9.817570686340332,0.0756,534,1
35.27589797632528,82.60884894881016,1.1708574295043945,0.0,5021,0
17.459341451797577,80.20980815104056,2.219541311264038,0.007200000000000001,151,0
27.832457532110926,84.55109642460498,43.93463897705078,0.1764,265,1
19.34391708635192,97.37957767100221,2.1628336906433105,0.1836,624,0
29.81378172276494,73.97774586746138,1.4584386348724365,0.007200000000000001,177,0
24.212606263222902,89.21011881416246,1.9112874269485474,0.11520000000000001,15,0
29.595221614138662,79.66246464842654,21.763647079467773,0.05040000000000001,1480,1
27.592876845836248,88.4919157445089,40.83732604980469,0.24480000000000002,3201,1
26.912133523530475,87.91897025629747,26.0347900390625,0.36,1016,1
30.63789616441619,78.32981392443523,34.988887786865234,0.09360000000000002,904,1
34.68597432924399,73.1878572381351,10.240950584411621,0.05040000000000001,2977,1
25.844395976826014,80.22543883698424,2.3283889293670654,0.007200000000000001,120,0
28.534760421235568,70.1245122877591,2.8944811820983887,0.1512,89,0
34.16099887720454,97.39520835694589,6.6190924644470215,0.0,4762,0
31.664401039579566,83.40763089944923,5.879127502441406,0.0,5716,0
22.722301206868615,78.2416891950631,2.173798084259033,0.025200000000000004,329,0
30.50449634472444,96.67026792266144,41.687503814697266,0.0,3543,0
17.60352105489876,95.71356214507415,1.9112874269485474,0.0396,9,0
35.60441187572779,84.43117133417502,5.188239574432373,0.0,4822,0
31.70778966780254,76.93275399457255,2.246300458908081,0.0,767,1
27.756460059074413,88.63205292883154,18.257169723510742,0.1296,3886,1
29.138967281334356,81.6230377560174,31.195415496826172,0.025200000000000004,1713,1
20.881114200537244,85.90288126414804,3.0666682720184326,0.0324,60,0
35.42196404152311,68.26122672543839,23.50747299194336,0.0,1652,0
29.199603563012424,78.64134966496788,1.0950326919555664,0.057600000000000005,215,0
32.218481906824486,92.50442062408557,4.899762153625488,0.0,4852,0
11.6549670749877,77.04432475286019,15.356026649475098,0.2412,976,0
27.807664030269226,84.43763920422067,15.799175262451172,0.33840000000000003,561,1
22.10866203628657,92.59604878306575,20.79674530029297,0.1908,218,0
16.18490155821721,77.87355959163092,3.132514476776123,0.014400000000000001,308,0
27.802813127734982,85.91500852048364,28.824298858642578,0.23760000000000003,1517,1
21.65159921972656,79.0639171746177,9.450432777404785,0.20519999999999997,544,0
23.730480450235955,86.22492729350488,4.239639759063721,0.126,198,0
31.56792197806513,76.66164244182528,14.400193214416504,0.20519999999999997,851,0
31.957880642901415,77.11035092624297,9.165213584899902,0.018000000000000002,1230,1
27.17192630369784,88.52910599727146,36.426475524902344,0.30600000000000005,322,1
17.359358960675074,96.28003976323991,12.916507720947266,0.1584,61,0
18.07163314945344,96.16819951036703,1.3872356414794922,0.28800000000000003,194,0
35.99787397017214,71.56064893248099,30.27416229248047,0.04680000000000001,2385,1
35.51467017884425,94.98754373244876,13.490604400634766,0.0,4789,0
26.79139994934481,88.36309733276616,1.4352809190750122,0.0,160,1
33.80984743264222,93.87668705210655,9.283547401428223,0.0,4677,0
30.649214936996096,84.92003451179286,20.804656982421875,0.0,5033,0
26.165633522427154,82.74359624142808,0.0,0.007200000000000001,86,0
34.66091133281706,73.95942023566535,54.61302185058594,0.1764,2064,1
24.46188875456607,96.36358308466303,18.45365333557129,0.36,392,0
20.80080481413696,92.69737874711444,28.217655181884766,0.36,385,0
16.2832670818283,80.26101212223537,21.95035171508789,0.0648,192,1
33.00864003073602,74.94253648260575,36.2971305847168,0.1368,1475,1
27.06736240462633,89.56153975331002,26.610084533691406,0.21960000000000002,1759,1
24.814118177469332,93.54440022851074,35.6480712890625,0.2484,519,1
26.88329760291024,88.28332693553635,18.94614028930664,0.234,1700,1
21.20477719740551,70.60043972528563,2.2615506649017334,0.1908,174,0
31.502704288438053,91.0300157482602,3.0764241218566895,0.0,4543,0
26.01363857635413,94.51619770287124,12.913050651550293,0.126,1721,1
23.71323279678086,92.73618596738841,16.231063842773438,0.0,890,1
15.875791268951684,80.58332764617747,3.9692740440368652,0.036000000000000004,6,0
30.731410785493033,78.43572529643292,40.6995849609375,0.036000000000000004,1160,1
33.204832088787725,75.28452511127006,40.519901275634766,0.2124,801,1
6.959293421838138,80.79488089558761,3.9372000694274902,0.1404,1923,1
27.174890744135435,77.48413991596512,0.0,0.018000000000000002,176,0
20.709176655156767,82.21269190851345,8.176025390625,0.2412,392,0
21.873123768790432,85.24154155197924,8.777901649475098,0.2484,798,0
23.700566551274775,97.66173850174415,10.040742874145508,0.28440000000000004,2081,0
34.09524219840699,77.32082619731219,28.98512077331543,0.0,5051,0
28.263109879317824,83.34807259611212,49.216033935546875,0.1584,1719,1
20.137848134456753,74.78542113941324,0.9559096097946167,0.0396,586,0
26.846376844732927,93.29323127507092,2.345224618911743,0.126,92,0
7.002143060890639,80.70298324202219,7.6595001220703125,0.22319999999999998,1427,1
26.281246699493337,91.11086412383095,0.0,0.025200000000000004,39,0
34.81398425723102,86.07320184201708,4.468240261077881,0.0,4991,0
16.74545029550779,95.28937766791292,1.3819773197174072,0.036000000000000004,1,0
33.21588136678239,83.0632168195178,10.932184219360352,0.0,4833,0
33.37784761250914,74.51350110291027,13.577872276306152,0.12240000000000001,1706,0
24.263001750662006,69.97359532002703,0.9559096097946167,0.007200000000000001,4,0
33.107814038102816,74.77571933434476,20.401288986206055,0.057600000000000005,1189,1
23.1836759367924,76.19029641224776,1.4123318195343018,0.0,520,0
26.322209876449186,80.47040941496364,3.0569987297058105,0.036000000000000004,123,1
29.334350855630355,92.74777423455355,4.377902030944824,0.0,4217,0
33.24498678198787,75.22577529168863,35.921146392822266,0.09360000000000002,780,1
16.457630078475898,81.6028256621247,2.2099411487579346,0.054,-5,0
33.08302053626112,74.83339117558523,1.1408213376998901,0.028800000000000003,517,1
26.33352864902909,94.5512319989519,9.26943302154541,0.0,1372,1
30.309921254184154,71.53019604434934,1.4626219272613525,0.10080000000000001,130,0
9.481493245060518,77.45799894119723,0.9559096097946167,0.054,217,0
23.068871243481926,89.29878253270506,1.4116774797439575,0.10080000000000001,3,0
28.300839121250842,95.48125781260084,46.951419830322266,0.36,1850,0
31.01438009999068,89.00341646728656,0.0,0.0,4674,0
17.38954235422149,78.49905652396335,2.157521963119507,0.0,493,1
32.70114670898191,70.81953882308238,1.135915756225586,0.010799999999999999,267,0
26.10014633821484,85.60104732868388,1.4305100440979004,0.014400000000000001,50,0
18.902484955735588,95.55941124231924,1.3907798528671265,0.0396,77,0
29.496047606771867,94.48412784722817,36.0460205078125,0.3024,3865,0
20.2141151020785,94.68544030239936,0.9559096097946167,0.014400000000000001,62,0
24.084326840650633,72.97118359160547,3.0502991676330566,0.0648,207,0
27.817365835337718,83.46422476234876,17.829160690307617,0.17279999999999998,1042,1
27.059816556239724,88.46739173725244,17.870729446411133,0.108,1235,1
29.5459041050405,76.73009406647519,3.972379207611084,0.0036000000000000003,239,0
18.773397049407613,82.85543649430096,6.459200859069824,0.028800000000000003,902,1
34.060477396911566,74.42025597641866,18.41114044189453,0.2412,2240,1
15.715711485321584,73.8049998383252,4.836118698120117,0.18,20,1
35.753711875948454,93.37138470478932,6.7632927894592285,0.0,4960,0
19.171171057215737,73.02077059528885,34.175743103027344,0.0,55,1
21.383452107416883,95.92376792155811,1.0265634059906006,0.0756,133,0
10.001078805395249,76.74168233364033,3.939067840576172,0.1548,30,1
30.41286818574425,78.0837653681149,25.19325828552246,0.2124,1115,1
28.033500492696874,85.21782602847848,27.150310516357422,0.043199999999999995,2070,1
25.11217918874019,97.49950276143217,5.2112040519714355,0.28800000000000003,160,0
28.701308074911328,82.65142909327743,30.222885131835938,0.09,2054,1
26.881680635398823,95.39987044785961,15.504682540893555,0.2772,718,1
26.031964208150168,89.23033090805515,3.9629106521606445,0.17279999999999998,42,0
21.060867088889562,81.6696603192632,2.168109655380249,0.010799999999999999,291,0
34.15291403964746,87.68208451587516,2.3092010021209717,0.0,4960,0
33.12128876736461,75.24490940724039,18.03890037536621,0.0324,2298,1
30.166550134838676,78.1123317941499,3.4480948448181152,0.0396,466,1
27.35221818122063,73.1285684293832,3.363678455352783,0.007200000000000001,293,0
17.661192896139234,75.24868233143368,0.9559096097946167,0.007200000000000001,469,0
22.0442528304152,87.11641538146509,1.9112874269485474,0.126,49,0
22.408609509654077,88.57033866881254,1.4079995155334473,0.05040000000000001,2,0
26.04813388326432,91.8694913812699,11.928099632263184,0.0,72,1
34.166119274324025,73.19836752695929,10.750429153442383,0.0684,1419,1
30.903617825458745,77.09660670239595,25.461164474487305,0.0324,1428,1
27.63168406611021,74.00173088554737,5.7472028732299805,0.010799999999999999,326,0
25.625835868199733,84.99225906063607,1.4273425340652466,0.025200000000000004,48,0
30.733297247589682,78.4400372097967,36.66910171508789,0.16200000000000003,1455,1
28.66923821926826,71.0143834082079,0.9559096097946167,0.028800000000000003,93,0
32.69440934435101,74.73286969529225,0.9559096097946167,0.0396,262,0
23.680893446552556,68.606988278296,3.270803689956665,0.010799999999999999,24,0
22.5921353221997,81.65834154668329,11.843195915222168,0.18720000000000003,1026,0
27.070057350478688,87.73005455204714,6.6888837814331055,0.21960000000000002,1589,1
28.23993334498754,83.22653053817073,10.020014762878418,0.198,902,1
35.19208516031693,76.25793955314197,19.465877532958984,0.021599999999999998,2900,1
34.560928841694555,73.8629411741509,10.462016105651855,0.07200000000000001,1334,1
28.395162226083393,83.50437945554891,37.81954574584961,0.2268,1972,1
28.066648326680884,83.24997656708626,3.5898005962371826,0.0,1530,1
34.54745411243276,73.34551157049806,29.80962371826172,0.0,1098,1
34.09524219840699,73.49427258154826,26.994422912597656,0.108,616,1
26.985705545299865,87.32203975000004,27.220022201538086,0.1836,812,1
34.1561479746703,84.61766158715822,1.9112874269485474,0.0,5037,0
29.050842551962234,81.2999137483196,36.78021240234375,0.2736,1233,1
31.218387501014224,72.07727005237813,3.482907295227051,0.0684,152,0
35.65615483609307,74.94469243928764,19.793333053588867,0.0,2375,1
34.277151043441194,75.4675119346452,36.506263732910156,0.0,3559,1
30.995784973609407,78.93644623580114,27.23080062866211,0.14759999999999998,3059,1
22.644147777150216,73.25388341151788,3.5334956645965576,0.05040000000000001,50,0
27.93028406655154,71.41889478064692,2.3644840717315674,0.0,100,0
31.790255010884714,95.78093579138311,25.446441650390625,0.0,4779,0
30.765097608647515,78.5925711450402,10.595986366271973,0.043199999999999995,1410,1
8.453371402385725,80.19552493802307,2.1413960456848145,0.2916,59,0
33.525261150633156,75.55644514777303,45.6342887878418,0.3168,2505,0
29.479877931657715,82.28949786530566,47.294517517089844,0.043199999999999995,3963,1
35.29584057563273,73.20995579412443,28.099103927612305,0.0,779,1
28.232387496600936,83.0006940757431,24.990249633789062,0.3024,1592,1
35.573958987596136,72.4491725800036,42.4591178894043,0.0,3528,0
13.797179533027522,76.84435977061518,4.293007850646973,0.0324,624,0
29.357527389960637,79.55197186847984,4.774868965148926,0.0396,1336,1
16.758925024769585,79.90635724806499,3.0339696407318115,0.007200000000000001,83,0
10.05443873327195,78.02986645106772,5.145480632781982,0.0324,185,1
27.510680997339314,86.02011140872563,27.67424964904785,0.09,1681,1
14.731517260040237,76.80501356117075,21.915714263916016,0.010799999999999999,619,0
12.874699567765187,74.95655020103801,2.73697566986084,0.0756,14,1
16.921430259666806,73.59290759974458,12.807843208312988,0.2484,68,1
32.64832577027568,76.63469298330169,32.48992156982422,0.0,4064,0
28.396240204424338,83.25482746962051,22.54276466369629,0.1656,2075,1
29.039523779382325,81.25194371214762,15.070012092590332,0.14759999999999998,928,1
27.807933524854462,84.43359678544213,28.287118911743164,0.2808,300,1
27.32472973352657,80.65905562462873,4.991750240325928,0.0648,135,0
28.246401215033202,85.36443108284679,56.51225280761719,0.27,1757,1
17.91370932250523,73.10269694920056,4.92507266998291,0.0324,237,0
26.85446168229,88.33722585258352,39.29812240600586,0.10080000000000001,784,1
27.394798325687894,86.2424444415452,37.82891082763672,0.2268,1155,0
21.444088389094947,92.11176701339693,7.327095031738281,0.1296,15,1
28.21918226192438,83.68601880599788,4.32987642288208,0.0,871,1
22.133725032713507,78.89790851011242,1.406510591506958,0.0324,766,1
33.84461223413765,95.76988651338844,11.541977882385254,0.0,4560,0
27.85886800146404,83.60139750623382,17.83346939086914,0.0792,1100,1
25.626913846540678,89.69089715422322,1.0601797103881836,0.0,25,0
11.289532417407878,76.94164731588533,1.3651307821273804,0.0,338,1
22.717719798919607,92.84155835021562,23.605525970458984,0.36,728,1
23.75419597373671,92.74130636450789,23.80015754699707,0.11880000000000002,959,1
32.31388298999798,82.20433757637113,1.4807188510894775,0.0,4400,0
33.02696566253206,75.00182529135763,14.867216110229492,0.11880000000000002,2111,1
26.79732883022,88.13887783784993,30.9231014251709,0.27,543,1
15.959604084960034,73.81146770837086,20.449068069458008,0.36,303,0
19.19300011861984,97.97893362856675,21.57172203063965,0.2988,389,0
25.68189074192879,94.10764391165368,4.364639759063721,0.0,1441,1
31.863557538068864,95.00479138590384,7.297729969024658,0.0,5076,0
16.124265276539145,79.73172475683215,0.9950457215309143,0.036000000000000004,115,0
35.015566206987444,97.56121702145118,6.013025760650635,0.0,4339,0
33.000016204008475,74.92771428041777,32.018550872802734,0.23760000000000003,968,1
34.39330320967785,73.45384839376288,38.767669677734375,0.036000000000000004,978,1
28.761135872833687,92.65210365679482,11.403363227844238,0.0,5103,0
30.746771976851477,78.45162547696184,19.762216567993164,0.036000000000000004,1174,1
35.35998028691887,73.97909334038756,31.5363826751709,0.09720000000000001,2910,1
25.948959875897526,76.12076680925692,0.9559096097946167,0.010799999999999999,293,0
34.318922704152754,93.61958921779154,18.112377166748047,0.0,4906,0
30.56001222928303,77.30007511424903,7.68178653717041,0.0,898,1
27.067901393796802,80.23810508249034,1.0734654664993286,0.0036000000000000003,133,0
31.956533169975238,77.10981193707251,6.729437351226807,0.0,1232,1
30.733027753004446,79.49241356514271,17.687231063842773,0.010799999999999999,3044,1
31.94844833241816,94.1739395796217,35.24247360229492,0.0,5151,0
23.390378283668305,86.2634650191936,2.1762566566467285,0.010799999999999999,263,0
28.007629012514233,84.08810472716978,35.04682922363281,0.1512,469,1
19.029686399966913,72.91027781534216,27.245298385620117,0.1836,158,1
28.11973875997235,84.27082205595968,16.86484718322754,0.20519999999999997,700,0
33.14581277462107,80.29092602119655,1.9112874269485474,0.0,4446,0
13.789633684640918,76.25874803689767,2.1495063304901123,0.028800000000000003,704,0
33.434441475408676,81.76694786453334,23.74884605407715,0.0,5209,0
30.506113312235858,79.1126956945454,7.283642768859863,0.14400000000000002,1970,1
33.789635338749534,85.38652963883612,2.299367666244507,0.0,4942,0
22.57246221747748,89.09504462626676,0.0,0.0,0,0
31.08013677878823,80.48684858466302,7.308438777923584,0.0,4713,0
33.33823190847947,75.19235796311939,14.810935020446777,0.126,1223,1
25.049925939550707,69.51141210634754,3.30330228805542,0.025200000000000004,7,0
26.88437558125118,88.18361393899909,6.100320339202881,0.1404,1647,1
25.37709236602704,73.03586229206206,2.115233898162842,0.025200000000000004,221,0
27.574820708625445,91.86437098415041,12.035360336303711,0.126,2687,1
33.63036403887514,74.48385669853432,53.61684036254883,0.0,2810,1
33.146890752962015,97.49896377226169,17.322296142578125,0.04680000000000001,4612,0
27.498823235588937,76.30429262180253,3.3677780628204346,0.025200000000000004,379,0
28.248018182544616,96.3557677416912,35.67069625854492,0.10439999999999999,3550,0
21.487746511903158,84.44599353636299,4.211755752563477,0.2736,354,0
33.311821439126355,75.7523677112395,16.536602020263672,0.16920000000000002,1516,1
14.212740183461214,76.40885652087404,2.1907742023468018,0.0,740,0
35.509819276310004,73.33607926001481,32.51428985595703,0.007200000000000001,1459,1
27.024782260159064,75.86016554533384,1.9112874269485474,0.036000000000000004,419,0
32.4297656616494,75.58069966044425,20.48592185974121,0.0828,517,1
35.37534147827731,73.69612402588992,21.606199264526367,0.0,4010,0
17.67170318496343,76.70530056463349,2.158245086669922,0.04680000000000001,499,0
11.110318518226034,77.38846933820638,1.364700198173523,0.0,290,0
26.63482359532278,72.1635083196536,1.9112874269485474,0.014400000000000001,254,0
12.708151914089427,76.95027114261288,3.4695169925689697,0.126,663,0
12.831041444956977,92.82835311553907,1.9112874269485474,0.09360000000000002,6,0
6.76471833129785,80.86818342277176,18.64912223815918,0.2484,950,1
29.160526848153225,72.78523232779271,4.473026275634766,0.0,143,0
26.239744533367013,95.94371052086557,19.70815086364746,0.36,430,0
27.084610058081424,93.60503651018881,6.485212326049805,0.0,290,1
11.350168699085946,76.79180832649419,17.61380386352539,0.014400000000000001,1747,1
22.65950896850866,74.07826734775436,0.9559096097946167,0.07200000000000001,254,0
33.14392631252442,75.5456653643636,4.938863277435303,0.0036000000000000003,1124,1
26.509778107773343,86.6617780161722,3.0576024055480957,0.014400000000000001,73,0
33.44306530213622,75.19154947936369,39.714054107666016,0.0828,1676,1
30.30695681374656,78.0169307109764,6.488809108734131,0.0,623,1
33.07170176368121,74.83905056187518,11.181421279907227,0.19440000000000002,460,1
27.687469445254035,87.27784263802137,22.93990135192871,0.29519999999999996,3001,0
25.06474814173868,94.27419156532943,20.180341720581055,0.23040000000000002,1107,1
29.58632829282588,80.21870147235335,2.86560320854187,0.05040000000000001,1666,1
30.347650496117172,88.47844101524711,3.3196592330932617,0.0,4863,0
24.426584963900172,94.19118723307679,12.621689796447754,0.24480000000000002,1299,1
33.018611330389746,75.2405974938766,19.310035705566406,0.0396,1017,1
22.55817900445998,94.75982080792446,11.500338554382324,0.3204,184,0
29.267785693077098,76.07091031098828,1.453964352607727,0.010799999999999999,215,0
33.47028425524504,73.88584821389595,19.517850875854492,0.0648,702,1
17.578997047642297,95.83726015969741,0.9559096097946167,0.018000000000000002,18,0
17.46500083808753,94.57225257660029,4.852779865264893,0.216,15,0
33.39617324430518,95.11770961711767,15.347867012023926,0.0,4930,0
25.97024994813116,91.85844210327522,12.59033203125,0.1764,285,1
29.142470710942423,81.88336952535523,27.484363555908203,0.07200000000000001,3088,1
35.66477866282062,93.61985871237678,0.0,0.0,4745,0
28.333986955234852,83.49656411257706,24.100996017456055,0.061200000000000004,2195,1
25.50052088606506,90.08947964578707,4.363090515136719,0.057600000000000005,45,1
7.468368693348671,80.61997890976954,2.1403515338897705,0.0,364,1
26.331372692347205,94.5541964393895,21.084781646728516,0.0324,1334,1
32.02741024589227,77.34454172081294,32.501930236816406,0.054,1729,1
17.343728274731394,76.6039706005848,2.1574058532714844,0.010799999999999999,436,0
33.330955554678106,96.95054229130673,36.52458572387695,0.0,3739,0
6.955520497644836,80.92828071527936,19.58950424194336,0.1836,1046,1
30.458143276063876,68.41187419858524,2.413912296295166,0.0,1647,1
26.729955183911038,86.87117530890046,7.686346054077148,0.24480000000000002,201,0
34.3590773973529,92.51277495622789,4.461679935455322,0.0,4704,0
27.804969084416868,84.90063090165589,19.125459671020508,0.025200000000000004,433,1
23.841512219353127,79.27600941319832,0.0,0.007200000000000001,369,0
29.657474863328144,68.13806769998561,6.668915271759033,0.0,297,0
28.33236998772344,83.74369064723835,17.615510940551758,0.16920000000000002,1293,1
23.819683157949022,88.92041213503391,2.86560320854187,0.12240000000000001,13,0
15.636480077262243,74.11572709510214,19.21555519104004,0.2664,341,1
27.933248506989134,83.65287097201387,21.08746910095215,0.1548,860,1
30.88502269907747,78.66937710183241,28.560894012451172,0.043199999999999995,1852,1
26.092600489828236,94.25748290104481,8.453998565673828,0.0,1363,1
19.039657699620637,72.90704388031932,15.048669815063477,0.0648,68,1
35.52895339186175,75.43678955192831,38.546382904052734,0.0,4976,0
26.87278731408604,94.92744643994115,1.071607232093811,0.16200000000000003,134,1
32.06055807987628,87.60527855908293,7.684321403503418,0.0,5049,0
29.74155717392173,81.24682331502814,33.1209716796875,0.11880000000000002,3510,1
30.247668004994672,87.12450021902217,20.58479118347168,0.0,5430,0
33.56595483300377,94.8180316383354,12.618281364440918,0.0,5507,0
34.36392829988714,96.05662875207939,8.891446113586426,0.0,4755,0
6.526215623364117,80.15617872857862,8.777730941772461,0.234,19,1
19.061486761024742,74.68004875658603,3.038274049758911,0.010799999999999999,710,0
34.67735050251644,80.03840959483055,3.0074329376220703,0.0,5310,0
25.118377564200614,92.85395510113648,12.739361763000488,0.028800000000000003,151,1
27.80092666563833,84.84242007124493,42.02532196044922,0.27,404,1
25.542562041361855,81.10614714153502,2.184891939163208,0.025200000000000004,95,0
27.00861258504491,88.44286772999598,30.104129791259766,0.29519999999999996,332,1
35.2745505033991,73.22343052338623,12.516610145568848,0.0,786,1
29.357796884545873,80.31086862050401,18.377456665039062,0.036000000000000004,941,1
9.871990899067274,76.70449208087778,15.646148681640625,0.34559999999999996,107,1
15.689570510553708,77.18015002381907,0.0,0.007200000000000001,409,0
26.104188756993377,91.86221502746852,19.27058982849121,0.1836,166,1
29.618937137639417,81.32255129347942,22.207984924316406,0.108,2187,1
25.123497961320098,91.79834481076763,3.694854259490967,0.036000000000000004,12,0
20.338082611286993,74.19630597608766,0.0,0.018000000000000002,730,0
7.274332591978855,81.25167421756238,7.250905990600586,0.24480000000000002,429,0
24.426584963900172,87.23687946106551,3.5500566959381104,0.0648,186,0
31.021386959206815,77.10388305619732,36.02890396118164,0.14759999999999998,1692,1
21.803863660384817,89.07186809193647,0.0,0.126,6,0
31.11921349364743,77.50920291239204,31.89234161376953,0.04680000000000001,1562,1
34.55580844457507,93.13584643729318,25.041460037231445,0.0,4913,0
21.23981149348617,92.19315437813816,10.283341407775879,0.2988,52,1
7.08083547977951,80.73532259225048,27.54649543762207,0.33480000000000004,1943,1
29.762308256984895,97.56202550520689,30.667306900024414,0.0,5015,0
20.167492538832697,85.75654570436497,1.018332839012146,0.018000000000000002,17,0
33.694234255576035,73.0399047108406,2.9867303371429443,0.025200000000000004,548,1
32.21902089599496,78.07190760636452,5.711316108703613,0.0,3606,1
24.19886203937587,94.1017150307785,20.0166015625,0.3312,1379,1
10.24631887795988,77.58196645040573,4.938374042510986,0.3492,1011,1
15.506314192593324,73.83626121021256,3.944352865219116,0.0324,10,1
31.967043458799434,85.36389209367631,3.5088412761688232,0.0,4741,0
24.666435144760083,97.30142424128381,5.24524450302124,0.3276,135,0
30.90846872799299,77.11035092624297,7.988165855407715,0.028800000000000003,1579,1
7.021007681857149,80.59141248373453,15.728425979614258,0.36,1008,1
24.827592906731127,93.51825925374285,43.68125915527344,0.36,484,1
27.021548325136234,88.25907242286512,24.582435607910156,0.16200000000000003,2319,1
34.6056649428437,76.05393215211842,40.46821212768555,0.0,2840,1
34.98241837300343,87.93487043682639,10.647512435913086,0.0,5125,0
23.506530449904957,93.73520239485772,40.73089599609375,0.3168,1370,0
25.488393629729448,94.70349643961016,17.738540649414062,0.36,1958,0
7.469446671689615,80.61216356679769,11.667046546936035,0.23040000000000002,436,1
19.529598855579426,80.36072511877265,1.014249324798584,0.33840000000000003,226,0
25.80504976738158,75.30931861311176,0.9559096097946167,0.0,314,0
24.423081534292105,70.63358755926964,0.9559096097946167,0.0036000000000000003,12,0
26.1276347859089,75.95475814475162,0.9559096097946167,0.025200000000000004,273,0
20.994301926336306,84.93970761651508,3.213865041732788,0.021599999999999998,147,0
30.146607535531224,73.48699622774689,4.5149030685424805,0.021599999999999998,164,0
34.65067053857809,74.73610363031509,24.534841537475586,0.2628,2403,1
28.183608976673245,82.86432981561374,22.419143676757812,0.036000000000000004,1696,1
26.931806628252694,87.3201532879034,7.892675399780273,0.18,293,1
27.28780897534926,88.25799444452419,29.7175235748291,0.2412,1487,1
16.87696365310289,81.46053252112017,1.9972425699234009,0.19440000000000002,32,0
25.205154820646563,97.06184355500913,10.451444625854492,0.36,159,0
26.872248324915567,87.33039408214236,48.961204528808594,0.32400000000000007,764,1
33.26762432714768,78.1408982201849,19.828758239746094,0.0,4953,0
34.74149021380258,71.86302185711561,2.513914108276367,0.021599999999999998,822,1
32.371285336653216,77.24671518637233,11.778709411621094,0.0,3975,1
20.3313452466561,85.3043337903392,3.0409557819366455,0.0396,44,0
33.61608082585764,77.76522276836612,11.329777717590332,0.0,4294,1
27.95831150341607,84.27270851805633,28.89600372314453,0.2988,397,1
25.619098503568836,81.9192123051916,2.8528270721435547,0.036000000000000004,95,0
17.00308711899327,75.72487926354545,2.1565544605255127,0.010799999999999999,548,0
29.754492914013053,90.83274571186755,21.374713897705078,0.0,4575,0
29.73131637968277,74.87570182546726,1.1007877588272095,0.010799999999999999,199,0
22.719606261016256,71.46955976267127,2.86560320854187,0.007200000000000001,104,0
22.646842723002575,79.2924485828977,5.899448871612549,0.20160000000000003,627,0
24.88795969382396,92.09263289784518,2.3131511211395264,0.07200000000000001,19,0
26.39874633865617,95.08510077230413,9.701600074768066,0.36,2132,0
23.59735012512944,91.08445365447784,3.542130708694458,0.1296,3,0
22.052068173387042,89.2931231464151,0.0,0.0,0,0
21.762900483428968,81.40852006616966,2.057845115661621,0.057600000000000005,285,0
33.67941205338806,74.25263034440195,2.4870357513427734,0.025200000000000004,1264,1
31.416196526577345,77.41541879672997,24.7491397857666,0.2592,1899,1
27.097006809002274,90.4031713430016,28.407651901245117,0.36,1481,1
17.005512570260393,76.64762872339301,2.1565604209899902,0.021599999999999998,423,0
21.250052287725133,94.87866792001347,3.521742105484009,0.05040000000000001,63,0
30.142026127582216,86.4362110483298,2.4073688983917236,0.0,4746,0
34.66522324618083,73.96103720317676,49.49876022338867,0.3168,1856,1
27.751339661954933,85.81664299687256,20.99492073059082,0.1368,721,1
32.19207143747138,94.94119066378818,3.0794878005981445,0.0,5168,0
29.48014742624295,78.85290291437802,13.526473045349121,0.33480000000000004,375,0
22.130491097690676,95.54890095349504,2.0631673336029053,0.018000000000000002,124,1
28.730143995531563,73.56676662497671,2.379422664642334,0.0,208,0
23.655830450125624,72.75289297756441,2.1772618293762207,0.021599999999999998,135,0
30.738687139294402,79.4953780055803,3.466799736022949,0.0,3117,1
23.72697702062789,92.72648416231992,25.016157150268555,0.09360000000000002,864,1
10.303182235444645,76.7602774600216,33.062049865722656,0.3312,910,1
28.303534067103204,83.37717801131758,34.635658264160156,0.3096,2635,1
27.00106673665831,93.72738705188588,3.7385826110839844,0.17279999999999998,106,1
21.288320518828623,94.82449950838105,2.2626030445098877,0.0396,114,0
14.4035423498082,75.10611969584392,4.378159999847412,0.11159999999999999,568,0
12.971178629279622,76.27276175532994,4.3567280769348145,0.0396,940,1
24.981743809486037,93.51421683496433,6.743279457092285,0.23760000000000003,1249,1
26.928303198644628,88.45526448091682,3.965139150619507,0.0,153,1
31.708867646143485,76.93113702706114,5.31666898727417,0.0,768,1
27.847279734298898,72.16566427633549,2.8840408325195312,0.0,163,0
19.665693621123534,83.16400779439603,5.408104419708252,0.09360000000000002,984,0
21.448130807873486,84.87233397020611,2.2646312713623047,0.0324,121,0
27.99792720744574,84.14415960089883,12.483778953552246,0.2988,633,0
9.732662198500337,76.84031735183665,31.699928283691406,0.34559999999999996,440,1
9.999461837883834,77.0308500235984,17.21807289123535,0.33840000000000003,932,1
21.440315464901648,94.16666322582033,3.2227158546447754,0.054,340,0
25.060705722960144,91.75657315005607,0.0,0.025200000000000004,6,0
33.67536963460953,70.10645615054831,9.18892765045166,0.036000000000000004,1447,0
28.589467822038447,80.41704948708694,1.0886173248291016,0.021599999999999998,166,0
26.054871247895218,83.94042169446053,3.05614972114563,0.0,59,0
7.020468692686678,80.5911429891493,11.122509002685547,0.28800000000000003,999,1
26.881141646228354,88.27793704383163,20.531158447265625,0.014400000000000001,1521,1
29.196369627989593,81.75562909195344,20.661073684692383,0.126,3655,1
31.881883169864903,77.42592908555417,31.3128719329834,0.018000000000000002,3920,0
31.72422883750193,76.93733540252155,23.130830764770508,0.17279999999999998,774,1
16.157682605108388,94.64178217959115,2.1545302867889404,0.028800000000000003,5,0
28.199239662616925,95.06785311884903,41.66343307495117,0.36,1223,0
10.237964545817567,77.63775182954954,25.821144104003906,0.30600000000000005,926,1
21.9728367653277,96.51584752532129,3.6310839653015137,0.09360000000000002,1110,0
16.514223941375427,80.60569569675204,25.742971420288086,0.0,101,1
19.081159865746958,73.02265705738552,6.9252848625183105,0.0,17,1
32.92671367682432,82.8947827037454,5.367622375488281,0.0,4582,0
27.807664030269226,84.69581501687662,17.794267654418945,0.028800000000000003,312,1
28.67813154058104,84.2295893844186,24.315174102783203,0.0,3643,1
35.47801891525217,74.50487727618273,15.957730293273926,0.0,1210,1
28.359319446247024,82.12780111416416,20.595552444458008,0.18720000000000003,1323,1
27.79499778476314,84.43197981793072,51.647403717041016,0.0648,259,1
35.300691478166975,96.68670709236082,27.084421157836914,0.0,4960,0
33.35521006734933,74.51269261915456,19.545963287353516,0.09360000000000002,1832,1
27.592068362080543,97.73504102892831,16.875072479248047,0.36,637,0
18.605501922805672,83.61864515968891,2.777348518371582,0.14759999999999998,70,0
30.64948443158133,79.5269088720529,22.860031127929688,0.054,2058,1
25.11756908044491,92.85718903615931,9.09144115447998,0.0,151,1
21.618181891157313,81.59204587871527,4.526546478271484,0.010799999999999999,261,0
24.83513875511773,93.89905510268113,37.06997299194336,0.27,909,1
29.142201216357186,93.96481178147867,36.24069595336914,0.29519999999999996,4075,0
23.752579006225297,92.69387531750638,29.89311408996582,0.3276,802,1
22.25957900401865,94.22837748583935,19.64037322998047,0.36,472,0
10.499104798911112,79.7298382947355,3.0665676593780518,0.0036000000000000003,-4,0
23.91104182234398,85.32697133549901,4.24284029006958,0.18720000000000003,600,0
19.109456797196724,72.89303016188707,2.86560320854187,0.0,17,1
19.244473584399888,81.1578901019003,0.9559096097946167,0.34559999999999996,728,0
26.104458251578613,91.70833361929886,3.0563061237335205,0.054,50,1
27.08164561764383,88.43963379497315,23.291107177734375,0.36,249,1
7.467829704178199,80.62402132854807,2.1513075828552246,0.0,353,1
32.23842450613194,78.06247529588126,26.609905242919922,0.0,3748,1
35.41953859025599,75.95745309060399,7.523017406463623,0.0,4657,0
24.521716552488428,97.82882514459038,29.88218879699707,0.36,1225,0
26.424348324253575,83.05432349820502,6.036930084228516,0.0,74,0
18.765312211850535,73.36410669687933,13.196928977966309,0.0792,466,1
24.984977744508868,92.84101936104516,13.231720924377441,0.36,262,1
28.998560602426476,94.88836972508196,9.45699691772461,0.252,589,1
22.91660680282367,93.68318993990721,31.78832244873047,0.11880000000000002,1506,1
15.345425925207518,73.89770597564633,2.2000465393066406,0.028800000000000003,10,1
26.49360843265919,91.72126935939016,2.189077138900757,0.126,60,1
32.61868136589973,75.3502817900676,8.833224296569824,0.10439999999999999,763,1
28.180105547065182,85.11002819438414,28.97016143798828,0.1296,1919,1
28.700230096570383,71.27148124252291,2.178746461868286,0.0,100,0
25.476805362564303,95.37319048392126,1.9112874269485474,0.1908,188,0
30.83435771705313,81.30503414543908,3.336334705352783,0.0,4613,0
18.718689648604734,95.44272008691212,5.381103038787842,0.04680000000000001,94,0
15.534341629457854,80.1642635661357,0.9921457767486572,0.021599999999999998,4,0
33.085176492943006,74.88001373883102,29.940771102905273,0.0324,805,1
22.390014383272806,85.28546916937269,1.40789794921875,0.3312,385,0
34.50217902211313,82.91068288427432,39.58644485473633,0.0,5580,0
21.618990374913018,91.92608524416943,3.0439138412475586,0.057600000000000005,27,1
30.35438786074807,77.06453684675289,0.9559096097946167,0.014400000000000001,295,0
29.533237859534417,80.43321916220108,5.246222496032715,0.2988,1298,1
29.12118063870879,90.41341213724056,15.01830768585205,0.0,4702,0
27.41905283835912,87.27137476797571,16.44000244140625,0.198,842,1
31.598644360782018,78.43842024228528,53.54574203491211,0.0,2295,1
26.859582079409485,89.39041069168525,11.210735321044922,0.3528,314,1
22.532307524277336,84.28780021482955,1.408677577972412,0.0,343,0
9.314137107629051,76.90822998731609,19.525583267211914,0.36,330,0
23.84798008939879,72.43354189405993,1.4162065982818604,0.014400000000000001,136,0
25.997199406654744,73.38647474745392,0.0,0.0,218,0
26.14892485814253,91.7350135832372,3.0564467906951904,0.0,52,1
8.45579685365285,77.0090209621943,1.3591800928115845,0.216,24,1
23.936104818770914,83.99836303028623,4.934385776519775,0.2772,345,0
28.309193453393156,95.41496214463282,44.198848724365234,0.34559999999999996,1851,1
28.856806450592416,70.26923088003076,1.9112874269485474,0.0324,92,0
15.28155570850662,75.10126879330967,5.16064453125,0.025200000000000004,600,0
35.681487327105245,93.89824661892541,0.9559096097946167,0.0,4806,0
34.95789436574697,85.57436736474553,3.6227755546569824,0.0,5073,0
16.583484049781042,73.72469045192491,11.106245994567871,0.16920000000000002,123,0
30.078964394637026,91.9597720673239,12.149161338806152,0.0,5046,0
33.46031295559131,79.78804912514644,0.0,0.0,4239,0
28.34665320074094,85.00573378989786,53.86978530883789,0.0,4993,1
22.5139818924813,79.64548648955667,4.878906726837158,0.054,539,0
27.777211142137574,85.84170599329948,20.146020889282227,0.27,1837,1
19.62149650914485,83.98192386058685,29.673816680908203,0.2772,633,0
34.81425375181626,74.32242944197804,19.163375854492188,0.036000000000000004,2380,1
15.857465637155645,80.37339136427873,2.86560320854187,0.014400000000000001,4,0
25.092506084017973,91.7635800092722,1.0555042028427124,0.0,8,1
25.733094713123602,93.9966121425365,18.95746421813965,0.36,990,1
30.39993244565293,79.34904244579724,36.74274444580078,0.3168,1324,1
13.594789099515395,75.6200458698887,4.365754127502441,0.36,713,0
35.89950844656105,78.77960038719387,8.418500900268555,0.0,4792,0
32.844248333742144,89.14840455414345,4.441042423248291,0.0,5131,0
30.736261688027277,78.4400372097967,35.17888641357422,0.07200000000000001,1691,1
32.37667522835794,94.77491250469765,28.853439331054688,0.0,4974,0
31.076633349180163,77.39170327322921,2.86560320854187,0.0036000000000000003,1307,1
19.67809037204438,73.50370489203151,22.588054656982422,0.09360000000000002,353,1
31.20248732048531,97.22946918702584,36.29451370239258,0.22319999999999998,3593,1
27.981488037746352,80.32542132810674,1.9112874269485474,0.025200000000000004,156,0
34.86842216344866,72.31819821157897,21.925172805786133,0.234,1394,1
18.473988565210576,74.6843606699498,2.0150485038757324,0.025200000000000004,513,0
31.709945624484426,76.93302348915779,1.9112874269485474,0.0,771,1
22.84761618900329,91.95653813230108,11.604851722717285,0.2916,91,1
25.660600669695157,94.10494896580133,11.65861988067627,0.0,1436,1
26.236241103758946,94.81318073580115,12.915550231933594,0.0,1568,1
34.04107378677458,81.85561158307594,1.153544545173645,0.0,4925,0
32.576370716017706,75.84669081607205,13.365921974182129,0.04680000000000001,790,1
24.934851751654996,97.89700727465505,2.1823391914367676,0.28800000000000003,1691,0
18.359453366485337,81.178102195793,3.5712666511535645,0.34559999999999996,250,0
33.986096891386474,73.83680019938303,19.326515197753906,0.054,1900,1
29.94933749913858,96.57271088280606,38.1116943359375,0.0,5354,0
30.071688040835657,80.23702710414939,21.15399742126465,0.08639999999999999,2155,1
26.890034967541137,88.28009300051352,17.48554039001465,0.2124,1544,1
16.514223941375427,80.6054262021668,24.58014488220215,0.0,121,1
16.96670534998643,96.34310149618511,2.2147371768951416,0.007200000000000001,5,0
19.437162212843525,93.67618308069108,0.9559096097946167,0.025200000000000004,1,0
21.997360772584162,75.21257005701207,1.030946969985962,0.014400000000000001,181,0
16.599653724895195,76.11888034716026,0.9559096097946167,0.007200000000000001,569,0
34.96301476286645,96.33986756116228,10.947797775268555,0.0,4635,0
26.964415473066232,92.78253903604897,12.929787635803223,0.2592,172,1
29.852049953868434,80.5528747580458,2.4014601707458496,0.0396,903,1
24.63355680536131,70.87855813724903,2.8402276039123535,0.010799999999999999,42,0
28.101143633591075,83.40574443735258,25.434650421142578,0.1584,1458,1
31.05857721196936,81.92568017523726,2.9363765716552734,0.0,5418,0
22.99718568380919,93.01888578730082,27.277210235595703,0.36,1030,0
27.197797783880482,87.08084209621396,18.14856719970703,0.14400000000000002,1716,1
30.664037139184067,80.81455400030983,9.947052955627441,0.0,4689,0
19.56436365707485,73.56488016288006,9.055015563964844,0.20519999999999997,195,0
7.185399378851022,80.76739244789356,11.073740005493164,0.2808,617,1
33.12452270238744,88.72502856073793,5.119590759277344,0.0,5009,0
29.95311042333188,78.15140850900909,5.250048637390137,0.18,308,1
29.29823858120875,80.76496699662643,18.79416275024414,0.1332,724,1
19.569214559609097,75.99491283795177,2.2419824600219727,0.018000000000000002,489,0
24.704164386693105,92.2303446309007,10.573675155639648,0.3492,66,1
25.719889478447048,94.62183958028369,47.81672668457031,0.198,1708,1
17.204399574164455,73.88126680594695,8.764716148376465,0.08639999999999999,893,0
34.04026530301888,75.31551698857217,40.02981948852539,0.14759999999999998,2537,1
32.06271403655816,84.27216952888587,1.12791907787323,0.0,4580,0
28.347731179081883,86.8218577998023,33.02788543701172,0.0,5191,0
26.233815652491824,92.40713307881542,2.187910318374634,0.021599999999999998,58,0
22.79102232610376,88.34126827136205,0.0,0.0,0,0
25.54660446014039,95.36645311929037,8.49979305267334,0.36,167,0
28.005473055832343,82.67999551931243,8.597212791442871,0.17279999999999998,1661,1
30.042852120215418,89.04761357926525,37.165138244628906,0.0,5285,0
17.89161076651589,78.41093179459122,6.220065116882324,0.018000000000000002,496,0
25.34636998331015,71.85493701955855,2.86560320854187,0.021599999999999998,62,0
21.455407161674856,83.02710454509621,1.4029408693313599,0.05040000000000001,264,0
14.781104263723634,74.49894839530754,31.104421615600586,0.36,329,1
33.06765934490267,75.14654388362929,31.65357208251953,0.07200000000000001,1712,1
18.438954269129916,82.16768631277905,2.160285472869873,0.0648,258,0
31.714527032433438,77.02249569145609,29.26968765258789,0.18,868,1
29.10878388778794,77.10334406702685,3.7932844161987305,0.007200000000000001,220,0
30.596663492875106,79.5697585111054,52.270042419433594,0.0756,1685,1
21.701186223409955,84.43305779627167,4.9023756980896,0.23760000000000003,318,0
25.387063665680763,96.46114012451841,9.093812942504883,0.36,220,0
26.196625399729278,91.76304102010172,4.9713897705078125,0.0,92,1
30.629272337688644,78.33035291360571,27.143217086791992,0.11520000000000001,950,1
35.7938665691486,87.79554173625945,2.542024850845337,0.0,5066,0
31.644997429442586,78.43545580184768,36.78781509399414,0.07200000000000001,2856,1
20.82478983222295,93.45358055328626,24.402637481689453,0.1908,468,0
30.012129737498533,78.19695309391395,3.070211172103882,0.2628,348,1
32.22791421730774,78.07109912260881,8.61242961883545,0.0,3661,1
20.178811311412602,97.79379084850973,7.093138217926025,0.11880000000000002,350,0
35.726762417424865,70.14337690872561,43.39823913574219,0.0,3195,0
20.322721419928552,78.36430923134542,2.86560320854187,0.0684,443,0
28.19519724383839,83.61002133296137,49.19944381713867,0.2592,1089,1
32.69872125771479,75.05814965967193,10.20068359375,0.12240000000000001,464,1
27.03421457064232,90.90793470114835,29.060222625732422,0.36,683,0
33.330686060092866,75.17726626634618,39.93280029296875,0.32400000000000007,1839,1
28.006281539588052,83.78249786751232,25.4168701171875,0.2412,893,1
27.052270707853122,90.49965040451603,23.062767028808594,0.36,1548,1
30.171940026543396,80.85767313394756,25.14734649658203,0.0,3229,1
22.314555899406766,78.98441627197312,12.601605415344238,0.14759999999999998,788,0
25.621793449421194,96.28866358996747,15.935317039489746,0.0,394,1
22.858126477827486,69.68119369504612,5.511445999145508,0.010799999999999999,19,0
23.890290739280818,71.94926012439109,1.0454649925231934,0.057600000000000005,56,0
28.48652089047835,79.75894370994098,1.4477910995483398,0.061200000000000004,179,0
23.4752690780176,86.58012115684573,3.8183305263519287,0.07200000000000001,201,0
30.671313492985437,86.76984534485177,16.14316177368164,0.0,5392,0
26.186923594660787,91.67383831238865,2.18770170211792,0.0792,48,1
25.58298622914723,91.89293741018541,7.616596698760986,0.0,1445,1
34.53963876946092,73.34605055966854,29.72953224182129,0.08639999999999999,1064,1
27.589912405398653,83.8800549073677,7.043253421783447,0.1584,152,1
34.00442252318251,69.23410217813984,2.4951064586639404,0.0,2331,0
11.2739017314642,75.8275567005203,7.050662994384766,0.20519999999999997,40,1
28.69403172110996,80.5949159133426,0.0,0.018000000000000002,179,1
22.15420662119143,97.99267785241379,4.230342864990234,0.16200000000000003,835,0
20.765231528885828,79.76190815037857,2.256098985671997,0.007200000000000001,229,0
24.701469440840746,93.5290390371523,14.37399959564209,0.36,662,1
22.199481711511055,85.6538682673901,5.192735195159912,0.108,435,0
33.847846169160476,74.53209622929154,30.02178382873535,0.0324,3567,0
33.479986060313536,92.26133650820283,12.61585521697998,0.0,5010,0
6.967917248565685,80.94849280917205,17.677209854125977,0.2484,998,1
22.232629545495065,94.12381358676782,4.232577323913574,0.014400000000000001,174,0
18.181856434814907,79.6794428072964,3.1632602214813232,0.0396,224,0
14.692710039766274,76.22829514876602,1.374764084815979,0.014400000000000001,618,0
28.507541468126746,78.01639172180593,0.9559096097946167,0.036000000000000004,204,0
27.006456628363026,72.99624658803239,1.0728782415390015,0.018000000000000002,292,0
35.114740214354235,73.0067568768566,22.45905113220215,0.014400000000000001,832,1
30.632506272711474,78.99519605538256,20.490541458129883,0.061200000000000004,1891,1
11.682994511852229,77.57091717241106,11.67153263092041,0.32400000000000007,368,1
27.421208795041007,85.02486790544961,3.966417074203491,0.1548,456,1
22.899898138539044,96.48000474548492,5.90777063369751,0.36,1177,1
34.66737920286272,68.12405398155335,17.812694549560547,0.0,3492,0
25.031869802339905,92.45833705001024,21.682598114013672,0.126,87,1
33.73654490545807,74.20196536237762,18.578033447265625,0.04680000000000001,1158,0
27.888512405839982,85.2118971476033,38.11195373535156,0.252,1056,1
35.94343606395449,83.77387404078476,3.7100257873535156,0.0,5163,0
9.878997758283406,76.96832727982368,16.094541549682617,0.0792,538,1
28.6808264864334,77.19578070976274,0.0,0.0,217,1
30.954552302068322,77.17907204547812,37.63178634643555,0.34559999999999996,1888,1
28.257719987613108,83.61810617051844,24.51192855834961,0.11159999999999999,767,1
33.12883461575121,75.43247763856454,34.85789108276367,0.05040000000000001,826,1
30.999827392387946,95.67179048436259,33.71965026855469,0.08639999999999999,4298,0
20.445341456210866,78.94830399755152,4.1870436668396,0.025200000000000004,224,0
15.446486394670965,73.92708088543704,2.752981185913086,0.0036000000000000003,3,1
25.31780355727515,94.0461991462199,21.187475204467773,0.2736,998,1
26.100415832800078,91.87353380004843,9.865754127502441,0.025200000000000004,102,1
29.764194719081544,86.2303171852096,2.2014846801757812,0.0,4914,0
27.028555184352367,89.57231953671945,45.01874923706055,0.2808,2088,1
27.02100933596576,89.90703181158239,26.434755325317383,0.22319999999999998,1611,1
30.066567643716176,79.01918107346854,19.326087951660156,0.3276,2176,1
28.198161684275984,81.84941320761551,4.3293986320495605,0.36,315,1
15.296916899865064,97.77250077627609,12.300456047058105,0.32400000000000007,47,0
18.888740731888557,96.58941954709069,2.0199825763702393,0.1548,51,0
34.11895772190775,73.8764159034127,33.569942474365234,0.09,1145,1
29.340818725676012,75.76530345133082,3.8183305263519287,0.010799999999999999,211,0
26.958217097605807,90.04609101756408,25.83794593811035,0.3276,878,0
20.00148387432741,73.79179460364864,8.598132133483887,0.0,584,1
26.006901211723235,70.51177600674303,2.3310577869415283,0.0,133,0
24.852925397743295,97.8590085381368,9.206588745117188,0.16920000000000002,2429,0
9.698975375345855,76.81687132292113,4.865661144256592,0.20160000000000003,52,1
30.240930640363775,78.9000644667943,45.955848693847656,0.1512,736,1
24.2193436278538,96.28408218201845,5.702810764312744,0.3492,207,0
20.938247052607245,92.21956484749127,7.671626091003418,0.2628,30,1
12.191261299607055,79.90500977513881,2.146627187728882,0.18,16,0
24.909788755228064,87.98499642968025,1.422719955444336,0.014400000000000001,24,0
28.700230096570383,81.02718522806092,2.378852605819702,0.14400000000000002,179,0
32.2238717985292,76.32261825359858,19.338336944580078,0.11520000000000001,1476,1
29.61031331091187,91.98187062331324,33.808170318603516,0.0,5241,0
25.427487853466143,72.39338720085978,1.426043152809143,0.036000000000000004,180,0
27.716574860459506,88.55767242330646,17.766244888305664,0.0828,2655,1
27.898753200078946,84.53869967368412,14.73263168334961,0.1656,304,1
29.17588803951167,97.79918074021444,16.793962478637695,0.0,5140,1
28.28008803818768,83.54992404045377,29.818761825561523,0.16920000000000002,1749,1
28.120008254557582,82.86001790224998,27.60685157775879,0.2772,1175,1
24.795792545673294,93.72388362227782,33.4482421875,0.21960000000000002,1012,1
27.039873956932272,88.26392332539938,13.809803009033203,0.0324,2078,1
26.460999587845652,70.67940163875974,1.432977318763733,0.0036000000000000003,177,0
34.49786710874936,97.23836250833862,3.8183305263519287,0.0,4544,0
11.834719963340017,75.485568071856,6.731749057769775,0.19440000000000002,21,1
33.63629291975033,81.32848017435461,1.9112874269485474,0.0,4700,0
29.158101396886103,81.57129479565211,11.244623184204102,0.043199999999999995,1734,1
33.05876602358989,72.4761220385272,1.9112874269485474,0.061200000000000004,367,0
23.635618356232932,75.79171392068393,4.880734920501709,0.07200000000000001,463,0
31.500817826341404,78.17593251626556,44.77595520019531,0.061200000000000004,1823,1
24.770460054661125,94.14375618607528,20.124298095703125,0.3096,1064,0
6.702195587523131,80.38471013685863,24.674654006958008,0.34199999999999997,124,1
33.194321799963525,84.97608938552192,2.475236654281616,0.0,5082,0
28.83309092709166,80.8999837838296,23.284452438354492,0.3312,512,1
15.029578271311095,74.02517691446289,2.197380304336548,0.2772,19,1
25.850863846871672,97.43805799599839,13.277770042419434,0.36,428,1
16.96023747994077,75.514134497891,6.20707893371582,0.0,576,0
26.019836951814554,72.47369658726006,5.634099960327148,0.010799999999999999,136,0
29.531081902852527,81.96152295507363,33.12043762207031,0.0324,2332,1
27.070057350478688,93.6147383152573,2.3491084575653076,0.08639999999999999,199,1
30.92086547891384,77.02060922935944,12.932917594909668,0.10439999999999999,1287,1
26.316550490159234,73.92196048831757,2.862180471420288,0.05040000000000001,295,0
8.742000103173329,76.89017385010528,6.1417155265808105,0.3168,54,1
22.819319257553524,69.52946824355834,1.4102703332901,0.0,7,0
26.899736772609625,86.70139372020188,30.104591369628906,0.17279999999999998,925,1
28.03053605225928,83.86172927557165,27.152210235595703,0.17279999999999998,850,1
27.568352838579788,85.22537187686508,32.9749755859375,0.36,1475,1
35.143037145804,94.63666178247166,3.630406379699707,0.0,4663,0
34.798084076702104,71.38224351705485,16.059619903564453,0.1296,1094,1
23.235688391742922,94.62291755862464,5.689978122711182,0.19440000000000002,333,0
27.27729868652506,73.956725289813,1.0754806995391846,0.014400000000000001,293,0
16.62390823756642,97.93797045161091,0.9975980520248413,0.043199999999999995,2,1
26.15862666321102,68.05910578651151,3.5679211616516113,0.010799999999999999,37,0
29.380164935120447,79.46330814993725,3.8183305263519287,0.0,1943,1
23.28581438459679,86.55101574164027,3.1192409992218018,0.054,207,0
33.394556276793764,83.91185526842553,4.465925216674805,0.0,4622,0
27.769665293750972,93.50990492160055,49.04100799560547,0.36,872,1
21.35811961640471,94.50811286531416,1.4024409055709839,0.054,229,0
23.825881533409447,71.9710891857952,2.297147274017334,0.036000000000000004,60,0
27.49073839803186,86.10769714892729,30.233795166015625,0.23040000000000002,625,1
8.329403893177233,77.19631969893322,4.787228107452393,0.19440000000000002,29,1
22.893969257663855,91.53262314972507,1.037631869316101,0.0,9,1
31.34558894524555,88.99883505933755,10.45769214630127,0.0,4824,0
35.697926496804634,74.02355994695148,47.68559265136719,0.1332,3446,0
26.973847783549488,73.69989695008321,2.19128155708313,0.021599999999999998,315,0
35.627318915472834,97.6027191875775,19.64811897277832,0.0,4737,0
25.155298322377927,93.02804860319884,24.11783218383789,0.2988,573,1
25.405389297476802,97.85415763560256,29.312597274780273,0.36,1343,1
28.688372334820006,95.83348723550411,44.030052185058594,0.1368,1458,0
25.69105355782681,94.09470817156236,9.300849914550781,0.0,1384,1
31.530462230717347,77.77546356260507,26.895248413085938,0.1368,1238,1
33.825208624000666,78.64242764330882,29.054317474365234,0.0,4702,0
33.434171980823436,75.19235796311939,25.69741439819336,0.0756,1703,1
31.87945771859778,76.91604533028793,12.911255836486816,0.036000000000000004,1280,1
28.433430457186883,83.12008017700258,28.631553649902344,0.18,2180,1
34.87812396851716,90.17383145096588,2.2379937171936035,0.0,4986,0
32.18641205118142,85.56466555967702,5.825995922088623,0.0,4697,0
27.11614092455402,93.79556918195055,15.731528282165527,0.36,158,1
34.378481007489874,88.02326466078375,5.8888163566589355,0.0,4872,0
28.28493894072193,83.85202747050316,11.414682388305664,0.11520000000000001,1536,1
27.39372034734695,70.96533539369499,3.7483086585998535,0.007200000000000001,139,0
25.71315211381615,94.08850979610193,25.92443084716797,0.16200000000000003,1413,1
27.379706628914686,92.31954733861377,26.84720802307129,0.32400000000000007,2496,0
30.7491974281186,94.88055438211012,31.1170654296875,0.0,5261,0
17.06614885193846,73.50262691369056,9.853099822998047,0.2808,162,1
34.40031006889398,74.27984929751078,2.2345221042633057,0.0,1609,1
24.35894182300597,86.89219588654886,2.86560320854187,0.05040000000000001,254,0
33.93381494185071,74.99859135633481,0.0,0.0,1590,1
25.035642726533208,94.01439878516207,29.475297927856445,0.2628,860,1
30.65217937743369,79.55655327642884,41.11864471435547,0.1584,3439,1
29.47691349122012,80.3491368516075,43.77088165283203,0.054,1239,1
28.293023778279004,82.26173992302637,0.9559096097946167,0.108,891,1
27.059547061654488,93.50101160028777,19.53832244873047,0.20160000000000003,230,1
33.3985986955723,90.29564300349249,0.0,0.0,4933,0
24.60175644430348,92.40066520876977,2.86560320854187,0.09360000000000002,19,0
32.7566625935405,71.74686969087897,19.195016860961914,0.007200000000000001,722,0
7.209653891522249,80.20711320518821,5.1695237159729,0.3528,99,1
19.029955894552145,73.03128088411306,15.437090873718262,0.0,45,0
27.792302838910782,84.7001269302404,33.17775344848633,0.36,780,1
27.866413849850645,81.54030291834998,1.4430773258209229,0.025200000000000004,134,0
34.93768227185428,70.75405163887007,39.210140228271484,0.12240000000000001,1735,1
6.9733071402704025,81.08350959637521,13.745553970336914,0.3168,869,1
25.361192185498123,92.2845130425331,3.1706347465515137,0.04680000000000001,1222,1
23.198228644395137,95.10800781204918,4.768948078155518,0.10439999999999999,240,0
32.13601656374232,79.0307693406337,28.96475601196289,0.0,5012,0
21.983886043322368,82.75114208981469,0.9559096097946167,0.0,250,0
34.29466819148153,75.48314262058888,2.86560320854187,0.0,3479,1
27.104013668218407,93.61150438023446,16.75875473022461,0.198,293,1
21.69903026672807,74.17205146341644,14.629961013793945,0.1368,1155,1
25.15987973032694,93.68588488575956,36.117515563964844,0.20879999999999999,1026,1
33.239596890283146,75.2405974938766,8.798120498657227,0.0036000000000000003,738,1
24.485604278066823,71.69863016012175,1.4200698137283325,0.036000000000000004,59,0
31.977823242208867,77.62131265985016,53.0271110534668,0.0,4300,0
29.2610483284462,81.18322259291247,20.891733169555664,0.17279999999999998,1253,1
34.692981188460124,92.58014860253685,5.015681266784668,0.0,4832,0
33.24121385779456,75.23817204260948,17.11994743347168,0.0,731,1
23.470418175483353,89.27345004169288,1.4139858484268188,0.0792,5,0
27.755651575318705,76.32369623193951,0.0,0.025200000000000004,335,0
10.438199022647808,79.86431609276819,1.9434252977371216,0.0,-1,0
28.317817280120703,89.53216484351931,2.170869827270508,0.0,4481,0
26.14757738521635,91.73555257240767,1.4308314323425293,0.0,52,1
29.79114417760513,80.05808269955277,20.971744537353516,0.27,1448,1
27.817635329922954,82.75599299234894,0.9559096097946167,0.014400000000000001,296,0
16.602079176162317,75.08051771024651,0.9974846839904785,0.0324,534,0
34.211663859228885,77.35047060168813,21.09575080871582,0.0,3314,1
18.397721597588827,73.50855579456575,21.840194702148438,0.1764,807,1
22.102733155411382,83.27072765014942,3.95446515083313,0.0756,256,0
28.308384969637448,83.17451808322022,24.873138427734375,0.1548,1058,1
24.862896697397023,94.41810167384538,33.50571060180664,0.1764,903,1
23.269914204067877,71.83391644191015,1.0405367612838745,0.0036000000000000003,20,0
32.23384309818293,77.17853305630766,18.326955795288086,0.2772,2157,1
15.351354806082707,79.09868197611313,3.9591660499572754,0.16200000000000003,316,0
32.60844057166077,97.85658308686968,17.715343475341797,0.0,4832,0
27.883392008720502,96.9262877786355,46.482852935791016,0.23760000000000003,977,1
26.176682800421823,91.7703173739031,29.421375274658203,0.1764,83,1
24.129332436385024,92.69198885540972,16.52867889404297,0.2916,826,1
26.879794173302173,87.91708379420082,26.654626846313477,0.1764,638,1
30.103488401893486,94.6609162951429,42.3095703125,0.20879999999999999,3633,0
22.64603423924687,97.31921088390938,9.050604820251465,0.108,487,1
29.800037498917913,95.70008741581235,14.505483627319336,0.11880000000000002,3624,1
35.30230844567839,72.57287059462686,47.069053649902344,0.18720000000000003,2514,0
23.048389655004,84.25761682128312,1.411561131477356,0.05040000000000001,677,0
26.419227927134095,93.02265871149412,4.367168426513672,0.36,488,0
12.156227003526393,78.71465219215203,1.9112874269485474,0.018000000000000002,298,0
35.456189853848066,73.29349911554755,42.34149932861328,0.1404,2456,0
35.1136622360133,73.00621788768612,26.224288940429688,0.028800000000000003,835,1
27.903334608027954,96.17412839124222,0.9559096097946167,0.0,207,1
25.178744351293446,92.01286250061537,0.0,0.0,12,1
26.934232079519816,88.44852711628593,27.0081787109375,0.32400000000000007,267,1
12.880628448640376,75.03281716865976,3.0904524326324463,0.0,14,1
17.159393978430067,82.26847728765728,2.15694260597229,0.0,14,0
32.87901313523757,90.36301664980145,1.4861887693405151,0.0,4934,0
27.497475762662756,71.37442817408301,3.3677403926849365,0.007200000000000001,149,0
33.87317866017265,82.36522584375695,8.836109161376953,0.0,5404,0
30.14687703011646,87.53494047233637,27.850975036621094,0.0,5474,0
29.427865476707197,81.27997114901216,25.8256778717041,0.04680000000000001,2164,1
18.29207972017637,77.40598648624672,1.3881568908691406,0.036000000000000004,557,0
32.84667378500927,75.13711157314604,20.610546112060547,0.08639999999999999,602,1
25.11217918874019,94.35908235967874,15.87308120727539,0.05040000000000001,1848,1
32.18883750244854,70.68021012251545,1.4795310497283936,0.0,219,0
30.07007107332424,78.30259497132641,2.9192750453948975,0.36,468,1
17.171790729350917,78.51199226405467,2.7656188011169434,0.08639999999999999,603,0
34.885400322318525,70.92140777630154,27.795896530151367,0.198,1713,0
31.522646887745505,78.06517024173361,13.856118202209473,0.0324,1644,0
33.36437288324735,75.19990381150599,37.78330993652344,0.20519999999999997,1879,1
27.766700853313377,85.69995184146543,4.888672828674316,0.3132,1045,1
25.752498323260586,85.28681664229886,0.0,0.0396,44,0
26.79678984104953,89.59091466310072,23.529569625854492,0.36,1591,1
32.21066656385265,76.28327204415413,4.431344032287598,0.0,987,1
28.01032395836659,84.37727241712784,25.56247901916504,0.126,837,1
29.56800266102984,82.28302999526001,26.5599308013916,0.061200000000000004,2612,1
31.990489487714953,76.79073034815325,16.46584701538086,0.0,1218,1
31.093072518879552,77.16748377831298,27.416255950927734,0.108,1906,1
17.315700837866864,73.91387565076049,4.146093845367432,0.025200000000000004,621,0
25.96108713223314,91.3682314527312,6.01848030090332,0.3492,183,1
23.316267272728442,97.04917730950305,16.64476776123047,0.36,1531,0
26.328947241080083,90.91494156036448,1.9112874269485474,0.05040000000000001,39,0
27.56862233316502,85.33990707559033,3.7527079582214355,0.025200000000000004,1525,1
20.73504813533941,94.94253813671436,4.981802940368652,0.0396,280,0
25.98776709617149,79.03696771609411,2.186821699142456,0.007200000000000001,160,0
34.08877432836133,74.02275146319577,22.986791610717773,0.010799999999999999,1391,1
9.75125732488161,77.08959984317981,5.199017524719238,0.36,814,1
22.791291820688997,87.10455761971471,2.073019504547119,0.0324,87,0
24.060880811735114,86.60626213161362,17.796728134155273,0.09360000000000002,315,0
20.97894073497786,83.57768198273305,0.9559096097946167,0.0396,130,0
31.99803533610156,88.56764372296018,3.5099360942840576,0.0,4601,0
30.451675406018214,78.14440164979295,41.45372772216797,0.17279999999999998,2285,1
34.65417396818616,68.0440140897383,8.093907356262207,0.0,3107,0
26.998641285391187,95.49931394981164,27.35878562927246,0.33480000000000004,645,1
25.43799814229034,94.11626773838123,22.958955764770508,0.27,1509,1
30.014016199595183,89.50629336333667,26.813262939453125,0.0,5265,0
9.94313746956954,76.37382222479339,3.061736583709717,0.0,13,1
22.5568315315338,74.72289839563852,17.729799270629883,0.025200000000000004,451,0
27.071404823404865,88.43074047366036,38.1805419921875,0.36,282,1
27.62009579894507,86.83991393701311,36.988983154296875,0.014400000000000001,4508,1
35.44541007043863,73.93408774465317,29.390451431274414,0.0,1627,1
16.851092172920247,96.30402478132591,0.0,0.0,0,0
30.71982251832789,77.16937024040963,13.535923957824707,0.1404,1130,1
31.09900139975474,77.17233468084723,31.61991310119629,0.09720000000000001,2051,1
29.273714573952287,88.30273054567333,21.95307159423828,0.0,4532,0
7.190789270555739,80.03167223019966,1.9112874269485474,0.3312,44,1
35.81731259806411,82.73524190928578,8.54017162322998,0.0,5165,0
28.185495438769898,83.65260147742863,18.17339515686035,0.11520000000000001,792,1
23.977067995726763,73.56622763580623,27.7103328704834,0.021599999999999998,359,0
20.092034054966657,86.11982440526289,1.3962020874023438,0.025200000000000004,8,0
20.483879181899592,92.71839932476284,2.1662704944610596,0.0,3,0
23.71188532385468,90.4077527509506,2.177476167678833,0.0,15,1
23.344294709592972,97.92503471151959,3.6574323177337646,0.20519999999999997,1115,0
25.0671735930058,93.40938344130757,7.356775283813477,0.36,464,1
28.366595800048394,82.16660833443812,40.4240608215332,0.126,1273,1
12.818105704865657,76.48108106971725,3.9414501190185547,0.05040000000000001,861,0
22.743591279102247,86.48849299786555,1.409847378730774,0.126,162,0
28.83901980796685,82.28734190862379,16.74859619140625,0.1296,1812,1
29.79761204765079,69.18963557157592,10.874464988708496,0.007200000000000001,1301,0
28.795092190573403,80.79380291724667,4.89097785949707,0.3204,255,0
30.173826488640046,77.05160110666156,0.9559096097946167,0.018000000000000002,275,0
28.200048146372634,85.46117963894646,7.899313926696777,0.09,3019,1
27.643811322445824,93.8710276658166,25.270397186279297,0.36,1708,1
26.146768901460643,91.64688885386508,9.91761302947998,0.14759999999999998,57,1
30.236079737829527,95.49581052020358,18.71375274658203,0.2664,4031,0
33.74031782965137,77.75579045788285,19.936128616333008,0.0,3705,1
24.768573592564472,92.8210767617377,0.9559096097946167,0.0,21,1
28.303534067103204,95.41118922043951,41.696407318115234,0.3168,1828,1
17.159663473015303,73.78236229316539,12.321778297424316,0.2268,869,0
10.228801729919548,77.4765940675785,17.556520462036133,0.10439999999999999,2180,1
34.09416422006605,74.02248196861053,13.109932899475098,0.04680000000000001,1294,1
32.87982161899328,85.7576236827059,2.4677417278289795,0.0,4882,0
33.744360248429906,90.94916737268944,3.9373791217803955,0.0,5038,0
10.96290498010202,77.59463269591181,0.0,0.007200000000000001,269,1
32.435425047939354,94.04566015704943,25.92047882080078,0.0,5138,0
31.563071075530885,77.97947096362861,44.75347137451172,0.10080000000000001,1552,1
14.977296321775338,78.07379406846117,1.9112874269485474,0.007200000000000001,347,0
29.18316439331304,81.5998612216871,22.093225479125977,0.05040000000000001,1637,1
27.529006629135353,83.769562127421,2.357224225997925,0.014400000000000001,117,0
20.944175933482434,74.45771572376644,15.43198013305664,0.010799999999999999,398,0
35.908940757044306,93.85943939865146,32.67845153808594,0.0,4648,0
23.069410232652398,96.49132351806483,22.787845611572266,0.23760000000000003,571,0
27.274334246087466,92.90650654525747,16.352806091308594,0.36,646,1
20.119522502660715,83.90215346335704,1.3963322639465332,0.20519999999999997,597,0
34.53532685609714,69.16969297226846,1.9112874269485474,0.010799999999999999,1796,1
6.965761291883799,80.75769064282505,7.662380695343018,0.2988,2077,1
27.952652117126117,84.22689443856623,41.186161041259766,0.3024,342,1
6.936655876678326,80.69516789905035,7.703627109527588,0.17279999999999998,1383,1
20.23621365806784,94.12785600554636,21.311105728149414,0.36,901,0
23.945806623839403,73.25900380863736,6.082641124725342,0.11880000000000002,320,0
30.36408966581656,79.31589461181323,27.125869750976562,0.14759999999999998,972,1
25.571667456567326,94.12111864091547,9.698442459106445,0.1656,1623,1
21.120425392226686,79.83089876419895,2.260493278503418,0.014400000000000001,267,0
34.79754508753163,70.97692366086012,29.80057716369629,0.126,1953,1
31.95626367539,77.1135848612658,15.699037551879883,0.0,1204,1
34.96301476286645,76.62310471613655,41.859046936035156,0.0,4258,0
27.261398505996144,86.7722707961189,21.0178279876709,0.057600000000000005,2155,1
34.57817649514965,73.36060326727127,41.2550048828125,0.11159999999999999,1183,1
21.900342721899253,72.14087077449379,1.0302438735961914,0.0,9,0
28.213522875634425,83.95578288581896,6.481563091278076,0.057600000000000005,802,1
25.731208251026953,93.98825781039419,24.005985260009766,0.36,1165,1
29.56665518810366,73.56110723868674,1.4563968181610107,0.010799999999999999,168,0
24.511475758249468,89.80031195582899,4.253728866577148,0.036000000000000004,17,0
25.619098503568836,92.70950600345006,8.473240852355957,0.30600000000000005,591,1
32.05651566109774,78.63703775160411,39.73453903198242,0.0,3396,0
29.565846704347955,80.3655760213069,15.079682350158691,0.10080000000000001,556,1
25.826609334200445,94.14968506695047,27.588525772094727,0.2916,1394,1
33.775082631146795,74.09335904452756,8.335165977478027,0.021599999999999998,1035,1
31.94386692446915,72.1432962257609,0.9559096097946167,0.0036000000000000003,183,0
27.612819445143703,85.09547548678141,7.8250732421875,0.2808,2300,1
25.662217637206574,94.1071049224832,11.884430885314941,0.0,1382,1
35.72137252572015,86.30577566907563,3.030660390853882,0.0,5003,0
20.75930264801064,94.53425384008204,6.35767126083374,0.0756,186,0
24.530879368386447,92.51196647247217,15.857540130615234,0.34199999999999997,62,1
25.73875409941356,80.05188432409236,3.320594310760498,0.0,121,0
34.625068552980686,83.8320848711957,3.990112066268921,0.0,5036,0
14.853867801737316,80.06778450462127,2.1959242820739746,0.028800000000000003,3,0
26.149733341898237,94.42888145725482,20.41183090209961,0.3276,542,0
9.8676789857035,76.77051825426057,11.434112548828125,0.36,125,1
32.85421963339587,91.83634354728588,12.463043212890625,0.0,5235,0
19.100832970469177,84.05010599065152,13.221367835998535,0.028800000000000003,461,1
33.95133208989105,74.98457763790255,1.152327060699463,0.0,1597,1
21.768290375133684,92.37829715819518,20.74296760559082,0.24480000000000002,231,1
28.49757016847302,79.14746049604082,1.4478765726089478,0.057600000000000005,175,0
31.22512486564512,87.95723848740096,3.0752251148223877,0.0,4958,0
33.87776006812166,74.33320922538748,21.520431518554688,0.08639999999999999,2711,1
22.343930809197474,91.81882639924555,7.441464900970459,0.2988,38,1
33.02993010296965,74.94819586889571,19.44822120666504,0.19440000000000002,1761,1
29.196369627989593,86.33245563301398,31.41817283630371,0.0,4790,0
19.164703187170076,72.9323763713315,1.3919395208358765,0.0,26,1
34.525625051028655,73.34470308674236,26.685766220092773,0.057600000000000005,1050,1
30.248476488750377,78.88470327543585,30.516834259033203,0.34559999999999996,917,1
33.452767107204714,87.44061736750383,8.057496070861816,0.0,4963,0
31.858976130119856,78.42063359965971,26.870868682861328,0.0,4934,0
11.027583680558626,76.02240128564583,5.823757171630859,0.3168,59,0
27.36003352419247,93.03855889202303,6.7047600746154785,0.0,402,1
21.289398497169568,92.820268277982,1.4020894765853882,0.2628,37,0
20.611350120716153,95.15732532114734,1.398701548576355,0.04680000000000001,246,0
31.66736548001716,79.24232259004384,45.38810729980469,0.0,3644,0
31.012493637894032,78.88443378085063,31.82102394104004,0.16200000000000003,3011,1
30.786657175466384,78.61709515229666,30.64237403869629,0.0396,1520,1
28.075541647993667,74.80374677120929,3.0629162788391113,0.014400000000000001,306,0
28.866508255660907,79.568141543594,3.786677837371826,0.021599999999999998,206,1
20.833413658950498,86.0349336109136,1.0227669477462769,0.0,26,1
35.081592380370225,72.97576499955447,49.21772384643555,0.043199999999999995,1161,1
31.97836223137934,72.61410326616794,3.8783204555511475,0.08639999999999999,182,0
30.205626849697875,76.75785200875448,2.2112834453582764,0.0,260,0
29.240836234553512,95.97604987109388,29.503786087036133,0.0,4439,1
27.220435329040296,78.18240038631122,4.887505054473877,0.007200000000000001,163,0
11.339927904846984,76.84112583559236,20.601755142211914,0.29519999999999996,872,1
34.80320447382159,74.21355362954276,52.90517044067383,0.14400000000000002,2138,1
34.157764942181714,73.82575092138836,5.294036865234375,0.0,1049,1
27.617131358507475,82.3822040026268,2.194333553314209,0.021599999999999998,131,0
19.080081887406017,75.47721373971369,9.037053108215332,0.014400000000000001,544,0
28.4493306377158,82.93062548358176,21.91207504272461,0.054,2484,1
28.29248478910853,83.87089209146967,27.200151443481445,0.22319999999999998,1241,1
27.48885193593521,93.01538235769276,29.934764862060547,0.36,540,1
29.705444899500126,70.53387456273238,2.913196325302124,0.036000000000000004,108,0
25.30998821430331,94.482780374302,30.9703426361084,0.1584,1528,1
24.297497057572198,94.7692531184077,3.2851383686065674,0.0396,115,0
27.38267106935228,70.43173611492799,2.1522467136383057,0.025200000000000004,140,0
25.385177203584114,95.078093913088,14.937033653259277,0.36,457,0
21.734873046564438,83.39631212686933,0.9559096097946167,0.007200000000000001,206,0
27.6661793730204,86.03331664340219,20.25434684753418,0.2736,1821,1
17.96841672330811,97.94228236497467,13.290454864501953,0.3276,244,1
21.759666548406138,73.46894009053608,4.903159141540527,0.0396,172,0
27.51607088904403,88.55740292872122,15.804327011108398,0.3096,1339,1
22.647651206758283,92.15461665244943,11.401021003723145,0.22319999999999998,56,1
30.382145803027363,78.09481464610957,3.829437255859375,0.025200000000000004,828,1
28.796170168914347,77.4652752949986,7.109451770782471,0.021599999999999998,220,0
32.22818371189298,77.18985182888756,11.502326011657715,0.16200000000000003,1818,1
32.34918678066388,77.21814876033733,2.455366849899292,0.0,3333,1
22.98532792205881,79.69507349324007,8.46267032623291,0.0756,442,0
23.011199402241456,96.33744210989515,15.185248374938965,0.2736,672,0
27.040412946102744,89.90622332782668,16.925193786621094,0.21960000000000002,1366,1
27.776941647552338,85.37170743664815,14.28746223449707,0.057600000000000005,1472,1
12.873352094839007,74.8482133777732,0.9559096097946167,0.018000000000000002,37,1
19.047742537177715,96.58187369870407,17.55423355102539,0.36,314,0
30.504226850139204,79.48756266260847,22.763612747192383,0.108,1489,1
18.735937302059828,77.33942132369346,7.7679290771484375,0.0396,451,0
34.81048082762295,81.58153558989108,2.5157110691070557,0.0,5025,0
11.499199204721375,76.49482529356429,4.0111517906188965,0.09,955,1
27.734361503085072,88.63313090717249,24.01164436340332,0.252,3495,1
19.33610174338008,73.7793978527278,55.2390251159668,0.20879999999999999,642,1
26.230042728298525,81.42900165464758,3.193911075592041,0.007200000000000001,112,0
12.893025199561224,74.88567312512099,4.89169979095459,0.09360000000000002,49,1
34.11895772190775,73.8764159034127,33.569942474365234,0.09,1145,1
30.190535152924667,79.31858955766559,41.87318420410156,0.14400000000000002,925,0
29.51814616276121,76.10459713414276,2.1961169242858887,0.036000000000000004,227,0
28.542845258792642,85.42749281579198,11.675993919372559,0.0,4557,0
34.925016026348196,83.93530129734104,3.0929460525512695,0.0,5041,0
14.39249307181353,79.90851320474688,0.0,0.007200000000000001,42,0
18.313369792410004,83.88194136946434,3.018207311630249,0.036000000000000004,11,0
11.409996497008306,76.68993937327504,16.077529907226562,0.09,2244,1
33.020497792486395,79.8996198834341,7.376805305480957,0.0,5448,0
18.003181524803534,75.85181121319152,3.0128626823425293,0.0756,489,0
28.963526306345816,76.12022782008644,0.9559096097946167,0.010799999999999999,217,0
27.200223235147607,87.21855382926948,46.075599670410156,0.234,552,0
29.390675223944648,79.45522331238017,2.9080452919006348,0.014400000000000001,1945,1
33.14635176379154,75.74536085202337,35.69199752807617,0.234,1252,1
31.516718006870317,78.09750959196192,13.542379379272461,0.010799999999999999,1692,1
23.891638212206995,90.97342188536066,2.2981107234954834,0.0,8,1
27.208308072704682,88.49083776616796,28.72954750061035,0.23760000000000003,337,1
30.28351078483104,79.24986843843044,24.892210006713867,0.2772,862,1
35.28559978139377,73.16414171463434,41.35569381713867,0.2592,2491,1
32.03306963218222,83.72428703710136,10.45319652557373,0.0,4617,0
25.10193839450123,93.37300167230073,7.086409568786621,0.1584,1140,1
23.708381894246614,86.01687747370279,3.271432399749756,0.2988,266,0
22.184390014737847,71.58059153178844,3.238006114959717,0.0,133,0
29.34647811196597,81.27997114901216,14.066929817199707,0.10439999999999999,1648,0
23.677390016944493,79.51909352908106,1.0437546968460083,0.014400000000000001,334,0
6.620538728196666,80.17207890910754,6.39497709274292,0.24480000000000002,15,1
33.38781891216287,80.82587277288974,31.006025314331055,0.0,4961,0
28.920407172708078,95.34300709037484,30.105430603027344,0.0,4062,1
23.055935503390607,82.69832115110846,7.603043079376221,0.0828,422,0
25.374397420174677,71.08472149495447,6.527319431304932,0.010799999999999999,190,0
32.987349958502385,73.86725308751468,5.116063594818115,0.043199999999999995,267,0
28.104647063199142,84.66347566664832,3.8183305263519287,0.0648,572,1
27.256008614291428,90.52579137928392,40.654998779296875,0.36,1664,1
31.413501580724986,77.89511915844979,55.50279998779297,0.04680000000000001,3852,1
34.58922577314432,74.24643196894154,27.460960388183594,0.2628,1961,1
16.642503363947696,74.4792752905853,1.3815891742706299,0.0324,548,0
23.141634781495608,85.16123216557895,1.4120917320251465,0.014400000000000001,629,0
31.76977342240679,76.91388937360604,38.48848342895508,0.2268,1116,0
10.053899744101477,76.82980706301245,33.181087493896484,0.2484,444,1
27.17596872247638,88.52856700810098,5.3574748039245605,0.0324,296,1
32.826192196531345,87.71684931737057,24.7962646484375,0.0,5144,0
27.066823415455858,89.58336881471412,23.469900131225586,0.36,1806,1
28.611027388857316,94.98296232449974,29.736026763916016,0.36,1674,1
22.046947776267558,81.72894912801509,1.0313078165054321,0.010799999999999999,277,0
22.563838390749932,71.14697474414395,0.9559096097946167,0.010799999999999999,119,0
31.912336057996555,72.64213070303248,7.300970554351807,0.018000000000000002,183,0
14.188755165375223,79.24313107379955,17.30805206298828,0.2124,256,0
32.310918549560384,77.2194962332635,38.86833572387695,0.14400000000000002,3387,1
24.520099584977014,92.72378921646755,2.180649518966675,0.17279999999999998,40,1
24.028810956092048,79.10730580284067,2.3001322746276855,0.021599999999999998,404,0
28.049939662396262,84.94994841075405,29.248865127563477,0.11159999999999999,1122,1
35.25379942033594,73.21130326705061,51.444725036621094,0.021599999999999998,780,1
34.3590773973529,73.46894009053608,2.5040676593780518,0.0,690,1
22.594291278881585,92.16404896293268,4.34044075012207,0.27,35,1
27.93567395825626,85.18925960244349,35.49435043334961,0.08639999999999999,1103,1
27.571047784432146,77.7253375697512,8.615063667297363,0.0756,161,0
28.076350131749376,83.25186302918291,36.07892990112305,0.2124,1648,1
27.102666195292226,88.12189967898007,25.47761344909668,0.2592,1118,1
31.10034887268092,77.17502962669958,31.37506675720215,0.0792,2129,1
22.827134600525365,76.51773233330933,4.879404544830322,0.0756,547,0
30.494525045070716,68.28628972186533,3.07216215133667,0.0,1768,0
27.175699227891144,88.52937549185668,12.002574920654297,0.0324,305,1
22.325605177401435,81.0608720512154,21.115079879760742,0.36,858,0
31.460124143970788,75.34300543626624,0.0,0.025200000000000004,221,0
24.348162039596538,94.11465077086982,7.326098918914795,0.36,1003,1
26.901892729291514,72.62245759831026,1.071883201599121,0.007200000000000001,307,0
32.30633714161138,77.5215996633129,28.34694480895996,0.0,4883,1
35.015566206987444,96.07603236221638,13.860404014587402,0.0,4652,0
30.329863853491606,79.32047601976224,35.187294006347656,0.18,923,1
25.418325037568124,82.92307963519517,2.321502208709717,0.0,81,0
26.907013126410995,87.92166520214982,19.319814682006836,0.0756,1166,1
35.797100504171425,73.31856211197447,33.053157806396484,0.0648,3093,1
21.07784524775942,92.77229824181,31.003238677978516,0.3312,294,0
28.41160139578278,84.79418054048772,35.100990295410156,0.0,4257,1
29.978981903514523,90.5888531122291,22.64473533630371,0.0,5584,0
33.014299417025974,95.11339770375389,9.09349250793457,0.0,4557,0
21.87905264966562,81.95936699839174,1.9112874269485474,0.014400000000000001,257,0
12.896798123754527,74.85980164493834,5.86387300491333,0.0,66,1
25.563313124425015,78.13820327433254,1.426931381225586,0.018000000000000002,261,0
29.083181902190535,81.33333107688885,24.62606430053711,0.36,2079,1
33.235554471504614,75.24490940724039,35.88530731201172,0.025200000000000004,734,1
28.799134609351942,82.47113721575464,41.966678619384766,0.30600000000000005,2298,1
11.024888734706268,75.94802078012073,0.9559096097946167,0.05040000000000001,44,0
26.8717093357451,94.99212514039776,10.618151664733887,0.3132,283,1
34.430762957025635,94.44612911070992,6.661805152893066,0.0,4687,0
27.04768929990411,93.61905022862108,14.947379112243652,0.2736,264,1
32.999477214838,93.33688939787913,1.9112874269485474,0.0,4711,0
33.04960320769187,75.29045399214525,19.0305118560791,0.0792,1326,1
25.51237864781544,93.3614134051356,4.272738933563232,0.36,317,1
14.427796862479427,79.51747656156965,1.3739122152328491,0.043199999999999995,87,0
18.645117626835344,82.27683161979958,2.2317750453948975,0.20160000000000003,424,0
28.37279417550882,83.56798017766457,21.222843170166016,0.061200000000000004,909,1
24.76237521710405,93.43417694314927,37.03480911254883,0.1836,657,1
24.463505722077485,86.5760787380672,2.3066415786743164,0.018000000000000002,237,0
9.023082955574326,76.78803540230089,2.1581103801727295,0.2556,21,0
34.093625230895576,74.91127511071839,15.663960456848145,0.23040000000000002,1976,1
33.35413208900839,75.17241536381194,42.82427215576172,0.04680000000000001,1331,1
27.450314210246482,87.74002585170086,36.21975326538086,0.36,1928,1
33.14581277462107,75.79629532863294,36.87755584716797,0.010799999999999999,938,1
18.71761167026379,82.0364424497692,16.88371467590332,0.198,989,0
24.33118388072668,91.56415401619766,3.285935640335083,0.17279999999999998,21,1
26.881141646228354,88.21218036503409,30.040687561035156,0.234,1006,0
33.13557198038211,97.43347658804939,19.717130661010742,0.0,4610,0
34.502987505868845,72.68767528793734,39.83595657348633,0.054,1671,0
24.520638574147487,86.13976700457034,2.8388290405273438,0.036000000000000004,372,0
27.338743451958837,87.67103523788049,21.804147720336914,0.3276,1464,1
7.037985840727008,81.10803360363167,15.928738594055176,0.34199999999999997,822,1
16.817405349765767,95.04925799246776,1.3822503089904785,0.018000000000000002,3,0
33.890965302798215,74.97810976785688,3.987203598022461,0.028800000000000003,1642,1
23.19930662273608,89.09747007753387,4.260954856872559,0.021599999999999998,4,0
30.070610062494712,80.23648811497891,9.538811683654785,0.043199999999999995,2184,1
25.4196725104943,94.10548795497179,24.120681762695312,0.021599999999999998,1395,1
28.058293994538573,82.40187710734902,3.0628550052642822,0.025200000000000004,631,1
35.31093227240594,73.31964009031542,63.02783203125,0.0,3448,1
31.48033623786348,95.86259265070957,26.86203384399414,0.0,4642,0
27.772090745018094,85.90530671541515,11.397955894470215,0.2628,1207,1
7.405306960403481,80.36530652672165,2.889664888381958,0.2412,150,0
9.99838385954289,76.73278901232754,5.202378749847412,0.34199999999999997,41,1
24.261923772321065,80.19848937846066,12.249434471130371,0.09720000000000001,351,0
31.622359884282773,78.01935616224353,13.517684936523438,0.021599999999999998,2465,1
29.5954911087239,88.5460841561413,29.138580322265625,0.0,4850,0
30.90846872799299,78.32981392443523,36.5751953125,0.0792,1836,1
19.149611490396868,83.62996393226882,6.985703945159912,0.3204,216,1
31.301122338681633,89.94233560224828,6.616332054138184,0.0,5268,0
27.874768181992955,80.05538775370042,2.1955885887145996,0.021599999999999998,158,0
31.691350498103155,77.13217998764708,18.483854293823242,0.16200000000000003,929,1
33.6435692735517,97.20602315811033,7.429081439971924,0.0,4407,0
27.32742467937893,77.86978666743762,7.029397487640381,0.007200000000000001,171,0
23.414363301754296,90.76806701141095,8.329736709594727,0.108,5,0
33.027235157117296,74.94657890138429,30.342185974121094,0.1836,1753,1
31.69350645478504,90.77103145184854,2.86560320854187,0.0,4703,0
24.838642184725796,92.3618579884958,1.0533294677734375,0.0648,21,0
26.87817720579076,88.280631989684,34.7270622253418,0.09,1494,1
27.778558615063755,85.38679913342136,26.242198944091797,0.19440000000000002,1874,1
27.076794715109585,93.5974906618022,19.054973602294922,0.0324,235,1
21.613330988623066,79.42827385385658,3.04390025138855,0.05040000000000001,363,0
24.96665211271283,93.55005961480069,22.99110984802246,0.2556,568,1
35.546740034487314,90.89526845564227,3.0266828536987305,0.0,5157,0
18.76315625516865,73.34712853800949,55.058624267578125,0.07200000000000001,347,1
23.960628826027378,88.23239245892677,0.0,0.014400000000000001,15,0
33.934353931021185,74.6566027276705,27.189844131469727,0.0,2070,1
32.35107324276053,77.2232691574568,14.423742294311523,0.021599999999999998,3278,1
27.604734607586625,88.64633614184905,12.931674003601074,0.1296,1609,1
16.96481888788978,73.51879658880472,13.715482711791992,0.3276,84,1
29.582824863217812,80.21816248318288,9.909480094909668,0.0036000000000000003,1564,1
26.148116374386824,94.84228615100662,34.726959228515625,0.2808,1506,1
16.515571414301608,80.65258775458308,31.074848175048828,0.17279999999999998,129,1
34.068292739883404,74.63369568792545,19.469202041625977,0.025200000000000004,1664,1
33.00729255780984,83.21009136847135,3.9838688373565674,0.0,4490,0
11.088219962236694,77.9064379310297,0.9559096097946167,0.036000000000000004,138,0
22.92307467286933,96.50156431230378,5.033144474029541,0.014400000000000001,1130,1
30.04878100109061,72.41494676767866,0.9559096097946167,0.0396,141,0
21.595813840582736,82.0288966013826,2.805652379989624,0.0,276,0
27.050114751171233,90.79986737246878,24.325780868530273,0.36,760,1
27.890937857107104,85.14910490924333,9.688206672668457,0.028800000000000003,552,1
25.142093087701372,96.30645023259304,0.0,0.007200000000000001,167,0
15.829438200291117,78.05007854496041,3.4849653244018555,0.0,286,1
28.362014392099383,72.40793990846252,0.9559096097946167,0.018000000000000002,120,0
31.254230280850596,89.328426937081,6.742720127105713,0.0,5118,0
26.676595256034336,85.65332927821963,1.4344756603240967,0.043199999999999995,64,0
22.331534058276624,95.7432065494501,2.276193141937256,0.0,83,0
30.31800609174123,84.54193360870696,3.974740505218506,0.0,5551,0
25.511300669474494,90.21506412250697,8.472020149230957,0.126,306,1
28.599708616277407,80.56904443315996,3.3995866775512695,0.2736,201,0
12.181289999953329,75.85208070777676,12.238391876220703,0.36,893,0
24.564835686126166,89.5494124969744,0.0,0.05040000000000001,14,0
35.358632813992685,75.63540706124714,4.678450584411621,0.014400000000000001,2201,1
33.5015456271324,75.04548341416584,17.028566360473633,0.0324,3319,0
33.797989670891845,74.25613377401002,11.815923690795898,0.0828,1392,1
16.133158597851928,94.74311214363983,1.37971031665802,0.04680000000000001,2,0
27.838386412986114,88.55605545579503,14.71062183380127,0.28800000000000003,3814,1
25.727704821418886,70.02641625873326,6.661805152893066,0.007200000000000001,59,0
30.683710243906287,79.04801699408878,21.379850387573242,0.1764,2466,1
30.18191132619712,81.43924244888655,56.75032424926758,0.0,3634,1
34.4913992387037,73.26520218409777,2.507452964782715,0.0,1039,0
33.50424057298476,87.3869879450419,1.492438793182373,0.0,4869,0
32.37101584206798,77.24671518637233,6.798192501068115,0.0,3973,1
22.019998317743973,71.34613124263325,4.210953712463379,0.0324,217,0
16.347945782284903,95.64430203666853,2.154974937438965,0.0396,1,0
21.19372791941084,75.30608467808892,0.9559096097946167,0.025200000000000004,180,0
28.09764020398301,86.77119281777796,27.373947143554688,0.0,6690,0
28.75844092698133,81.63031410981877,6.784780979156494,0.1656,763,0
24.00132250839799,76.28273305498367,0.0,0.010799999999999999,386,0
21.186182071024234,85.51615653433457,1.4015644788742065,0.1548,134,0
28.277932081505796,84.35005346401903,24.614625930786133,0.1836,1026,1
34.80751638718536,73.68884767208854,10.947759628295898,0.0,4232,1
24.506894350300456,91.58894751803936,2.307300090789795,0.1764,18,1
22.14261835402629,73.22046608294863,3.0451884269714355,0.061200000000000004,30,0
26.318436952255883,94.52482152959878,4.258354663848877,0.1512,1163,1
25.883203197099977,91.20006683154402,27.12395668029785,0.24480000000000002,252,1
22.594291278881585,92.16404896293268,4.34044075012207,0.27,35,1
32.0171694516533,77.74231572862107,34.15498733520508,0.0,5325,0
29.300394537890636,75.67987366781105,3.067432403564453,0.007200000000000001,215,0
33.23744093360126,87.07033180738976,30.511743545532227,0.0,5610,0
9.79680190978647,77.06103341714481,4.931819915771484,0.2736,937,1
23.726438031457416,80.3911780069043,3.5433387756347656,0.11520000000000001,432,0
25.985611139489603,78.98791970158119,3.962798595428467,0.021599999999999998,159,0
29.40145500735408,87.9243601480022,27.537330627441406,0.0,3999,0
19.416141635195128,75.1511252915783,2.2402501106262207,0.018000000000000002,476,0
29.04976457362129,86.11820743775148,29.345895767211914,0.0,5439,0
11.338041442750333,76.8804720450368,0.9749324917793274,0.1836,376,1
28.635820890699012,68.30353737532043,1.4489502906799316,0.007200000000000001,70,0
16.435801017071793,76.4964422610757,0.9559096097946167,0.018000000000000002,458,0
7.280530967439279,80.61351103972387,8.170450210571289,0.216,572,1
33.24660374949928,75.16109659123202,36.87986755371094,0.2412,1280,1
31.21677053350281,80.96735743013856,26.746728897094727,0.0,5283,0
32.098556816394535,76.26656337986951,10.965110778808594,0.1656,778,1
22.36036997889686,91.8236773017798,2.8137753009796143,0.0036000000000000003,21,1
27.117488397480198,88.10680798220686,20.5023250579834,0.252,2038,1
7.2754105703197975,81.07138234003959,22.257186889648438,0.3492,310,1
23.37043568436085,87.53898289111491,0.0,0.28800000000000003,61,0
31.496236418392392,90.82681683099236,1.1210330724716187,0.0,4664,0
27.214506448165107,91.7778632222897,32.618133544921875,0.198,3129,0
27.063858975018263,88.46577476974103,11.97489070892334,0.0828,1168,1
27.366770888823364,87.21666736717283,22.08103370666504,0.1764,831,1
35.28829472724613,73.22423900714193,62.0775260925293,0.0324,908,1
7.253312014330458,80.69085598568657,15.249395370483398,0.2772,503,1
26.801640743583775,88.0499446247221,41.3701286315918,0.34199999999999997,839,1
22.461430448360307,90.30238036812338,0.0,0.0,0,0
23.725360053116475,80.48172818754354,3.957705497741699,0.07200000000000001,420,0
33.944594725260146,74.79889586867503,3.087864637374878,0.0,1623,1
35.8976219844644,75.5200633787662,11.553105354309082,0.0,4480,1
18.76234777141294,73.37461698570354,23.6925048828125,0.09720000000000001,507,1
28.509966919393868,81.47993613125716,18.601442337036133,0.3096,819,1
27.19537233261336,88.61157134035362,7.387103080749512,0.10439999999999999,469,1
10.969642344732918,77.9530604942755,1.3643673658370972,0.007200000000000001,175,0
25.61559507396077,94.11599824379599,31.059335708618164,0.14400000000000002,1610,1
29.096926126037562,84.15709534099015,41.46061325073242,0.0,5394,0
22.62043225364946,91.65901611020068,3.533287286758423,0.0,10,1
25.946534424630403,94.62776846115888,18.561565399169922,0.3096,1387,1
29.12441457373162,81.53221808079292,42.534400939941406,0.24480000000000002,1234,0
33.957260970766235,72.7941256491055,2.2313880920410156,0.043199999999999995,470,0
17.009554989038932,96.79450492645516,3.4918453693389893,0.010799999999999999,6,0
34.00496151235298,73.75271788878945,36.58189392089844,0.36,1699,1
27.21558442650605,85.91446953131317,7.717170715332031,0.018000000000000002,512,1
27.366770888823364,86.08667657127889,18.564449310302734,0.028800000000000003,810,1
22.404297596290306,93.22046773705723,24.804637908935547,0.36,814,0
30.79393352926775,92.3295186382675,25.234996795654297,0.0,5215,0
26.16078261989291,91.8530522115705,7.675549507141113,0.24480000000000002,101,1
30.733027753004446,78.43895923145575,41.39373779296875,0.16200000000000003,1437,1
23.12896853598952,79.89773342133743,2.2871522903442383,0.0,415,0
16.80015769631067,74.01304965812729,14.051329612731934,0.057600000000000005,701,0
26.221957890741447,94.91531918360555,26.184978485107422,0.36,1762,1
22.893430268493386,77.44155977149785,11.14504337310791,0.1764,354,0
25.919315471521582,86.4302821674546,2.3296163082122803,0.025200000000000004,44,0
29.80273244477027,74.81641301671537,1.4583467245101929,0.007200000000000001,197,0
20.591677015993934,95.54647550222792,11.132076263427734,0.09360000000000002,309,0
26.882219624569295,87.91250238625182,5.815219879150391,0.014400000000000001,782,1
21.26837791952117,83.08369840799574,1.401982307434082,0.05040000000000001,247,0
30.89283804204931,78.4799224084116,28.568777084350586,0.025200000000000004,3552,1
35.35378191145844,74.8595321503531,33.074317932128906,0.036000000000000004,2343,1
33.77050122319778,74.0965929795504,2.4892842769622803,0.0,1009,1
16.218588381371692,79.56167367354833,2.207747220993042,0.014400000000000001,157,0
10.831930611677395,78.70737583835066,3.0695931911468506,0.007200000000000001,70,1
22.989100846252114,92.00693361974018,4.343286991119385,0.2736,49,0
19.98908712340656,85.93656808730252,2.1647469997406006,0.09,6,0
16.65570859862425,82.07363270253175,4.138507843017578,0.1908,11,0
35.94774797731827,87.29670725898788,2.5462634563446045,0.0,4861,0
31.163680100211348,83.1623908268846,30.890886306762695,0.0,5335,0
31.835530101204338,84.02639046715076,31.741146087646484,0.0,4947,0
35.64483606351317,79.62743035234588,36.053428649902344,0.0,5630,0
34.78487884202555,73.52068305090137,10.734172821044922,0.010799999999999999,2052,1
30.452214395188687,78.75399840159646,17.231494903564453,0.057600000000000005,2030,1
20.58682611345969,73.38243232867538,4.9785637855529785,0.061200000000000004,381,0
24.90359037976764,93.4869978818555,33.802398681640625,0.21960000000000002,1248,1
31.417005010333053,77.53588287633039,40.42599105834961,0.36,1938,0
29.580129917365454,80.67010490262341,29.358633041381836,0.3024,1711,1
21.61845138574255,94.86168976114361,5.598381042480469,0.0684,250,0
27.167075401163597,88.36525328944805,13.51060962677002,0.09360000000000002,1483,1
30.379989846345477,78.48612078387202,40.57648468017578,0.2268,904,1
34.4275290220028,69.63807456140839,5.8529205322265625,0.0,2296,0
33.9788205375851,92.25998903527665,0.9559096097946167,0.0,4629,0
25.12780987468387,96.95647117218192,2.1831398010253906,0.36,167,0
27.827876124161914,83.63481483480307,25.389745712280273,0.28440000000000004,912,1
33.68453245050755,74.24535399060059,21.3519229888916,0.0792,1352,1
22.79371727195612,89.94664751561206,0.0,0.20519999999999997,1,0
21.973106259912935,95.57746737953003,1.0307707786560059,0.061200000000000004,75,0
9.423821403820044,76.93706590793633,18.107040405273438,0.3312,126,1
21.243045428509,79.4449825181412,2.1687047481536865,0.014400000000000001,281,0
27.377281177647564,88.55901989623263,17.711196899414062,0.36,1479,1
22.714755358482012,76.03479803656667,2.1737709045410156,0.010799999999999999,546,0
28.82527558411982,96.15095185691195,25.256505966186523,0.23040000000000002,3640,1
11.343970323625522,76.86915327245688,30.60260009765625,0.3132,715,1
24.75051745535367,93.42204968681366,13.615164756774902,0.23040000000000002,780,1
21.270533876203057,72.93075940382008,0.0,0.061200000000000004,18,0
33.62174021214759,88.91124931913589,0.9559096097946167,0.0,5110,0
25.96432106725597,89.95958325570338,1.4295942783355713,0.0,25,0
25.725279370151764,72.47261860891912,0.9559096097946167,0.028800000000000003,150,0
28.419686233339856,83.14217873299192,57.44198989868164,0.30600000000000005,2658,1
16.243651377798628,78.36835165012396,2.2079756259918213,0.0756,377,0
19.670005534487306,73.51098124583288,3.0395307540893555,0.12240000000000001,359,1
21.65213820889703,94.32243109608666,32.882144927978516,0.33480000000000004,807,0
35.00236097231088,77.37310814684794,1.1669307947158813,0.0,3319,0
9.990299021985816,76.78992186439754,3.8183305263519287,0.12240000000000001,52,1
28.333447966064384,94.96571467104465,7.678422927856445,0.32400000000000007,315,0
29.883850314926264,84.75294786894663,9.534366607666016,0.0,5031,0
25.521541463713458,93.16441286332818,4.9598236083984375,0.36,278,1
19.412907700172298,73.28433629964952,4.473598957061768,0.04680000000000001,40,1
16.940564375218553,73.46489767175756,11.486372947692871,0.16200000000000003,40,1
34.14752414794275,95.71733506926745,21.242341995239258,0.0,4417,0
26.943933884588308,88.44421520292215,20.81900978088379,0.0,165,1
31.776510787037683,76.98314948201165,18.64426612854004,0.05040000000000001,979,1
30.875590388594215,77.62185164902064,26.865114212036133,0.2808,2068,0
27.058738577898783,93.54143578807314,10.8659029006958,0.36,504,1
33.82601710775637,68.5813862926986,9.319700241088867,0.0,2382,0
29.649120531185833,94.36150781094585,1.0998879671096802,0.0,2992,1
15.395551918061388,74.01143269061586,2.86560320854187,0.010799999999999999,51,1
33.37057125870778,75.1939749306308,26.655933380126953,0.23760000000000003,1475,1
23.972486587777755,72.45752691214592,3.04998779296875,0.0684,163,0
34.14994959920987,86.03762855676595,2.4987640380859375,0.0,5136,0
30.321509521349295,78.03202240774961,2.86560320854187,0.0,656,1
29.06593424873544,95.78093579138311,31.82335662841797,0.36,2620,0
29.520302119443095,85.50699371843656,8.921714782714844,0.0,5339,0
31.19197703166111,90.0994509454408,15.76691722869873,0.0,4991,0
27.89983117841989,93.34982513797046,6.747486114501953,0.018000000000000002,867,1
30.406669810283827,79.33502872736497,39.90514373779297,0.0792,999,1
33.30050266654645,75.18157817970996,32.33757400512695,0.2268,1126,1
16.550875204967504,80.55449172555723,1.3812460899353027,0.0396,24,0
25.147213484820853,91.74821881791375,0.0,0.0,17,1
32.56559093260827,76.12022782008644,41.91475296020508,0.08639999999999999,838,1
33.61284689083481,97.52833868205241,17.863956451416016,0.0,4747,0
10.919516351879048,78.47911392465589,3.8183305263519287,0.0,82,0
27.894710781300407,86.71567693321937,6.098642826080322,0.0,4357,0
30.481589304979394,84.56537963762247,16.29515838623047,0.0,5676,0
28.78512089091968,76.44065688193187,2.180516004562378,0.007200000000000001,213,0
34.507299419232616,71.53720290356547,26.745716094970703,0.09,557,0
32.29313190693482,91.9597720673239,4.613606929779053,0.0,4729,0
33.52957306399693,84.31394118959741,22.63290786743164,0.0,5321,0
35.430857362835894,83.93718775943769,2.5321569442749023,0.0,5014,0
35.48260032320118,73.90147889983963,12.448210716247559,0.0,1059,1
19.22021907172866,97.38766250855929,12.970093727111816,0.09720000000000001,173,1
25.066634603835332,93.93112495832419,0.9559096097946167,0.2664,984,1
27.814401394900123,85.83146519906053,16.247915267944336,0.3024,2377,1
29.586597787411115,80.21546753733051,19.44333267211914,0.018000000000000002,1605,1
34.89671909489843,88.1024960688431,3.012204885482788,0.0,4969,0
33.29295681815985,72.34029676756832,4.945992946624756,0.028800000000000003,349,0
34.159651404278364,97.06238254417961,12.540253639221191,0.0,4699,0
24.18538731011408,76.47865561845013,5.311157703399658,0.014400000000000001,395,0
24.610380271031026,82.16148793731864,7.603043079376221,0.043199999999999995,334,0
29.068090205417327,71.8605964058485,1.4523611068725586,0.014400000000000001,118,0
10.060637108732374,76.63307601579028,0.9559096097946167,0.1656,23,1
26.886801032518306,88.28036249509876,26.998607635498047,0.16920000000000002,1582,1
30.197811506726037,77.91371428483107,12.808958053588867,0.14759999999999998,518,1
35.21687866215863,76.42421771223249,31.803295135498047,0.0,2554,1
34.54880158535894,79.77322692295847,2.5089287757873535,0.0,5347,0
23.135975395205655,94.50353145736516,1.4120594263076782,0.36,353,0
32.67069382085025,80.52538631035175,2.2701656818389893,0.0,4492,0
25.491627564752278,91.26986592912012,11.50858211517334,0.11520000000000001,1491,1
28.42992702757882,95.87768434748278,20.21329116821289,0.36,521,1
28.11246240617098,74.24750994728248,5.006764888763428,0.014400000000000001,285,0
25.463061138717276,92.21201899910467,7.096339225769043,0.025200000000000004,1377,1
25.742796518192094,81.22229930777168,1.428115725517273,0.010799999999999999,106,0
16.198915276649476,76.53956139471343,2.207568407058716,0.007200000000000001,508,0
31.263662591333848,87.01319895531977,14.206730842590332,0.0,5132,0
15.85126726169522,73.81604911631987,9.837904930114746,0.05040000000000001,41,1
27.680193091452665,93.6260570878372,26.91887855529785,0.36,1093,1
25.878621789150966,87.35330112188741,2.124126434326172,0.028800000000000003,41,0
28.825006089534586,94.93364481540158,25.11431121826172,0.36,1040,0
35.77473245359685,85.96136158914422,3.994934320449829,0.0,5127,0
32.55858407339214,84.23983017865756,3.5300374031066895,0.0,4602,0
26.90162323470628,88.47197314520145,39.15338134765625,0.24480000000000002,204,1
30.92221295184002,78.68150435816803,31.097314834594727,0.09,2083,1
13.87802790859828,74.62453287202744,23.16143035888672,0.061200000000000004,57,1
26.50789164567669,92.00235221179116,0.0,0.04680000000000001,61,0
25.032408791510377,93.2352899392452,17.40623664855957,0.36,270,0
25.828495796297098,91.87676773507125,13.074721336364746,0.3276,607,1
22.84761618900329,72.83940073942513,4.918254375457764,0.057600000000000005,41,0
25.155567816963163,93.84731214231584,46.78105163574219,0.36,1381,1
35.867438590917985,90.4934520290556,9.751566886901855,0.0,5068,0
32.83373804491795,76.27842114161989,40.079654693603516,0.36,2565,0
16.165228453494993,94.42564752223198,1.3798266649246216,0.043199999999999995,4,0
29.857709340158387,80.47849425252072,48.36207962036133,0.09360000000000002,2047,0
31.179041291569792,78.61278323893288,47.04756164550781,0.0,5401,0
27.26759688145657,88.2889863218263,51.43366241455078,0.1368,631,1
33.957260970766235,93.6042280264331,2.2313880920410156,0.0,4452,0
35.26323173081919,73.17249604677664,54.31139373779297,0.126,2449,1
32.08535158171797,75.98601951663899,2.95514178276062,0.05040000000000001,431,0
18.741327193764544,77.63829081872002,2.2328100204467773,0.007200000000000001,371,0
29.65073749869725,69.17912528275173,14.814148902893066,0.0,971,0
21.304490193942776,74.94226698802052,2.8026554584503174,0.07200000000000001,159,0
29.358874862886815,81.30988504797332,20.908323287963867,0.05040000000000001,1272,1
26.499806808119615,88.94870906648367,1.9112874269485474,0.043199999999999995,70,0
32.31037956038992,94.1235440921826,6.661805152893066,0.0,5015,0
34.27283913007742,84.3858962438554,5.764823913574219,0.0,5515,0
29.998385513651503,73.63306229294473,1.103737235069275,0.010799999999999999,172,0
33.570805735538016,73.49400308696302,3.5678040981292725,0.061200000000000004,680,1
27.097815292757982,90.92841628962628,50.433345794677734,0.36,1480,0
27.97259471643357,83.76120779527868,19.785722732543945,0.1656,885,1
28.145879734740227,84.06897061161803,4.328212738037109,0.0324,683,1
21.912739472820103,74.30625976686389,13.7509183883667,0.014400000000000001,125,0
27.771282261262385,86.16590797933823,3.586254596710205,0.11159999999999999,2054,1
35.80249039587614,74.98323016497636,12.291647911071777,0.0,3702,1
34.362580826960965,78.0635532742222,53.50237274169922,0.0,4829,0
30.81360663398997,78.61790363605236,16.34752655029297,0.07200000000000001,1706,1
9.823212379139584,77.14969713568742,6.933596611022949,0.1908,877,1
16.23772249692344,76.44496879529565,2.2079215049743652,0.014400000000000001,461,0
27.13042413757152,87.8710002201255,29.13962745666504,0.234,2159,1
26.239205544196544,84.36595364454794,3.0567336082458496,0.007200000000000001,62,0
30.640860604853785,80.48792656300397,2.92903733253479,0.0,5094,0
28.368482262145044,82.37304118672878,28.04796028137207,0.1548,2043,1
19.380568349943996,84.56996104557149,0.0,0.036000000000000004,67,1
27.884469987061447,76.46248594333598,2.8845956325531006,0.025200000000000004,305,0
31.20760771760479,77.19308576391039,18.90732765197754,0.23760000000000003,855,1
33.301850139472634,75.17942222302807,18.767250061035156,0.1296,1013,1
25.443657528580292,72.55185001697846,0.9559096097946167,0.014400000000000001,146,0
30.873973421082802,76.95754749641425,33.868534088134766,0.2592,1278,1
24.91113622815424,94.47577351508586,27.462472915649414,0.2412,1827,1
16.514493435960663,80.65258775458308,6.605278491973877,0.126,162,1
11.909908952620821,79.08224280641375,2.174337863922119,0.0396,121,0
34.2275640397578,87.74595473257605,4.991960048675537,0.0,5042,0
29.341357714846485,81.3096155533881,30.656272888183594,0.054,1163,1
29.430021433389083,84.47482945698323,1.45527982711792,0.0,4548,0
28.368212767559807,83.29336519530924,34.58104705810547,0.30600000000000005,2882,1
31.00467829492219,86.71325148195226,10.019126892089844,0.0,5521,0
19.941117087234577,83.46611122444541,12.238391876220703,0.33480000000000004,447,0
27.247115292978645,88.42831502239324,26.239789962768555,0.2988,1263,0
27.340090924885015,87.19645527328014,6.57245397567749,0.1656,474,1
31.37172992001343,82.96296483381008,1.4719648361206055,0.0,4773,0
30.474851940348497,79.22938684995252,42.769283294677734,0.1332,2863,1
34.14806313711322,77.6539215046637,5.146777629852295,0.028800000000000003,3757,1
12.77956797917693,75.58447258463757,3.469827651977539,0.34199999999999997,124,1
21.210975572865934,92.24732278977056,17.879308700561523,0.34199999999999997,155,0
29.16564724527271,81.56320995809503,40.60138702392578,0.1584,1350,1
27.341438397811196,86.75071122930004,31.713878631591797,0.3168,1454,1
22.65627503348583,93.61581629359824,21.903926849365234,0.1548,1557,1
27.59988370505238,87.24011339608835,14.98283863067627,0.3276,2705,1
26.4944169164149,72.85098900659027,3.2012078762054443,0.036000000000000004,275,0
25.17739687836727,90.91251610909737,28.042177200317383,0.34199999999999997,251,0
31.106547248141347,78.90437638015807,15.28747844696045,0.0,5001,0
35.27293353588769,72.98304135335584,30.330257415771484,0.0,3716,1
21.189954995217537,92.15704210371655,1.9112874269485474,0.025200000000000004,16,1
27.130154642986284,74.2130146403723,5.745491981506348,0.025200000000000004,329,0
30.0441995931416,89.1254975143984,16.45050811767578,0.0,4857,0
30.63600970231954,81.73945941683928,1.9112874269485474,0.0,4757,0
17.47524163232649,75.40795363130808,1.3848111629486084,0.010799999999999999,473,0
18.791992175788884,97.92018380898534,11.508028984069824,0.36,599,1
29.536471794557244,70.65622510442945,2.3951303958892822,0.028800000000000003,105,0
26.835327566738258,88.18819534694809,19.310035705566406,0.3096,996,1
35.28775573807566,96.86403452944602,4.526045322418213,0.0,4468,0
26.164286049500973,91.07017044146035,5.730512619018555,0.0,38,0
27.83137955376998,85.1639271114313,19.120525360107422,0.1584,1284,1
33.248220717010696,75.21337854076779,30.488325119018555,0.0324,717,1
31.662784072068153,74.64851789011342,0.0,0.0,219,0
31.000096886973182,77.12005273131147,29.619245529174805,0.1584,1444,1
34.09012180128751,74.02571590363337,12.44130802154541,0.0,1314,1
6.6396728437484125,80.64180797117365,46.52021789550781,0.1656,937,1
30.961559161284455,73.07116608272796,1.114709734916687,0.036000000000000004,173,0
31.100079378095685,77.15993792992637,17.71387481689453,0.08639999999999999,1961,1
16.514223941375427,80.6054262021668,24.58014488220215,0.0,121,1
27.968552297655034,89.17454552891132,2.8858537673950195,0.0,4566,0
26.955252657168213,83.8816718748791,3.7374613285064697,0.04680000000000001,85,0
24.325524494436724,75.74077944407436,2.304558277130127,0.007200000000000001,447,0
29.08345139677577,81.58342205198772,24.34272003173828,0.09360000000000002,1861,1
22.054224130068928,80.49304696012345,3.0449702739715576,0.2916,654,0
28.262301395562115,85.37305490957434,40.04194259643555,0.20160000000000003,1726,1
19.15931329546536,80.78302313383723,3.0384726524353027,0.1404,266,0
32.43380808042794,79.5163985832287,35.946617126464844,0.0,5567,0
34.63153642302635,72.77795597399135,5.16016960144043,0.14759999999999998,543,0
14.721815454971747,78.50633287776472,7.725558280944824,0.007200000000000001,162,0
32.05382071524538,89.02389805576448,3.511911392211914,0.0,4550,0
24.472668537975505,73.84515453152534,4.94273042678833,0.010799999999999999,474,0
33.049872702277106,74.6264193341241,23.53993034362793,0.27,790,1
22.05880553801794,92.34811376464877,11.201628684997559,0.3276,113,0
31.177424324058375,81.78500400174414,22.682479858398438,0.0,5478,0
17.229732065176627,73.28541427799047,4.871885776519775,0.0648,68,0
19.170632068045265,73.02130958445933,39.45961380004883,0.0,81,1
13.1326058858359,79.53122078541668,3.0932881832122803,0.05040000000000001,113,0
27.209386051045627,78.02771049438583,5.154578685760498,0.0,161,0
28.416721792902262,83.6666151958609,19.556827545166016,0.36,2769,1
31.324298873011916,88.78404787490457,8.611037254333496,0.0,4723,0
25.781064749295588,73.85270037991195,1.4283698797225952,0.036000000000000004,341,0
34.82233858937333,91.45851213878521,15.982871055603027,0.0,5104,0
34.23457089897393,74.41486608471395,7.494659423828125,0.028800000000000003,1598,0
28.52398063782613,84.0094123082809,35.60570526123047,0.0,3641,1
23.53698333803661,69.29123503020985,1.042637586593628,0.007200000000000001,8,0
30.67885934137204,70.20697763084128,31.26519775390625,0.0,687,0
23.74314669574204,91.36957892565738,1.4155850410461426,0.24480000000000002,48,0
27.219626845284587,89.51869011425751,21.93766975402832,0.09720000000000001,2165,1
31.106547248141347,77.2089859444393,49.559329986572266,0.0648,2260,1
30.32851638056543,96.01350961844166,10.125399589538574,0.0,5016,0
34.3989625959678,81.73326104137885,3.6820521354675293,0.0,5222,0
25.670032980178412,94.10656593331274,17.83352279663086,0.0,1442,1
30.89741944999832,77.05887746046292,36.57205581665039,0.24480000000000002,1702,1
34.089313317531804,74.02409893612194,7.861945629119873,0.0,1353,1
27.878002117015786,85.14317602836815,11.321578025817871,0.018000000000000002,586,1
19.267650118730174,73.06173377224471,3.035327911376953,0.09,27,1
26.31870644684112,73.86913954961133,1.431998372077942,0.0,287,0
28.069882261703714,83.65260147742863,9.423039436340332,0.1296,1378,1
27.33712648444742,88.60887639450127,16.051193237304688,0.21960000000000002,1548,1
27.762388939949602,83.51650671188452,29.99924087524414,0.23040000000000002,609,1
10.63250461860286,79.75867421535574,2.86560320854187,0.025200000000000004,2,0
17.43778188497871,80.56688847647807,3.003394842147827,0.057600000000000005,134,0
28.44151529474396,82.62394064558336,10.030516624450684,0.126,2331,1
14.470107512361457,78.82056356414972,1.9738545417785645,0.0,129,1
28.263648868488296,83.97249155010358,3.3896830081939697,0.0,990,1
14.451242891394946,78.84400959306524,1.9112874269485474,0.018000000000000002,135,0
30.103488401893486,78.4265624805349,39.327938079833984,0.2412,700,1
33.126139669898855,93.80500149243382,3.4205269813537598,0.0,4832,0
30.678589846786807,78.3476005670608,43.15528106689453,0.028800000000000003,970,1
33.91441133171373,92.74427080494549,2.991271495819092,0.0,4511,0
30.91062468467488,92.64267134631156,9.282003402709961,0.0,5042,0
25.57274543490827,91.88512206721357,8.603754997253418,0.0,1501,1
27.201031718903312,88.48841231490084,29.51399803161621,0.3528,398,1
32.19665284542038,76.31938431857574,20.487548828125,0.036000000000000004,1134,1
20.20037087823147,95.51683109785198,1.3967167139053345,0.0828,169,0
12.891677726635045,74.88540363053575,3.916762113571167,0.10439999999999999,52,1
30.239313672852358,77.95575544012786,10.016657829284668,0.2808,747,1
28.18280049291754,85.34314101061315,14.398324966430664,0.043199999999999995,1519,1
20.659320156888136,78.01531374346499,2.2548067569732666,0.0036000000000000003,278,0
27.325807711867515,86.08694606586413,21.242795944213867,0.11520000000000001,1281,1
28.954632985033033,70.7122799781585,3.0661239624023438,0.04680000000000001,94,0
24.352743447545546,94.34291268456458,6.464895248413086,0.27,283,1
22.277365646644217,97.93069409780954,3.9547982215881348,0.30600000000000005,838,0
30.434697247148353,68.80560578761482,2.21645450592041,0.0,1316,0
33.96399833539713,74.95978413606085,3.987487316131592,0.0,1587,1
33.75567902100981,76.81228991497213,43.563201904296875,0.0,4820,0
31.90748515546231,73.94486752806262,0.0,0.028800000000000003,213,0
23.87196510748478,68.79671246630204,4.588276386260986,0.0,0,0
22.59132683844399,82.38840237808722,3.9554061889648438,0.33480000000000004,572,0
22.840609329787156,79.34553901618918,1.4103895425796509,0.010799999999999999,409,0
32.36643443411897,77.08582691898651,9.412466049194336,0.010799999999999999,3684,1
30.91897901681719,84.99468451190319,7.91536283493042,0.0,5151,0
30.911163673845348,78.68150435816803,42.75593948364258,0.22319999999999998,1998,1
28.82527558411982,96.15176034066765,21.952775955200195,0.22319999999999998,3607,1
28.3921977856458,83.19122674750484,29.228403091430664,0.10439999999999999,1777,1
27.067901393796802,88.45607296467253,19.64296531677246,0.2592,1085,1
33.3339199951157,75.76260850547845,3.6641387939453125,0.007200000000000001,1608,1
28.37710608887259,83.49872006925895,48.46435546875,0.1368,1246,1
28.857345439762888,90.7691449897519,0.0,0.0,4439,0
28.374141648434996,83.52135761441876,26.64531707763672,0.16920000000000002,1837,1
35.47828840983741,72.58930976432625,3.095947742462158,0.04680000000000001,1984,1
28.233195980356644,83.95335743455185,18.686038970947266,0.3528,1081,1
26.596016375048816,75.31686446149835,1.4339134693145752,0.007200000000000001,330,0
31.572772880599377,77.8560424435906,52.223690032958984,0.1548,1654,1
26.419766916304567,80.25696970345683,2.8635964393615723,0.0,127,0
27.971516738092628,85.96217007289992,19.323497772216797,0.028800000000000003,1694,1
34.09658967133317,73.49939297866774,21.23651695251465,0.018000000000000002,578,1
27.347097784101148,96.51773398741794,34.22676467895508,0.36,1206,0
28.272003200630607,83.74045671221552,8.552166938781738,0.0,884,1
32.94530880320559,93.35117261089663,1.4868414402008057,0.0,4713,0
28.516704284024765,83.3426827044074,28.562658309936523,0.09360000000000002,1937,1
22.618276296967576,79.5029238539669,3.9554591178894043,0.007200000000000001,614,0
27.216662404846993,93.63063849578622,27.350032806396484,0.36,680,1
27.0821846068143,72.2664552512137,1.9112874269485474,0.010799999999999999,246,0
27.91411439143739,83.78761826463179,28.283340454101562,0.17279999999999998,703,1
28.27254218980108,83.95713035874515,23.20257568359375,0.11520000000000001,1026,1
28.68810284023477,81.63085309898923,20.49136734008789,0.0648,2165,1
33.95483551949911,74.79431446072603,1.152374505996704,0.025200000000000004,1615,1
28.746313670645716,81.74215436269164,10.862238883972168,0.36,1314,0
27.172195798283077,87.04796375681518,17.367328643798828,0.0,1604,1
26.080473233492622,72.8798249272105,0.9559096097946167,0.05040000000000001,182,0
17.092020332121102,78.8857812537768,1.9995317459106445,0.010799999999999999,350,0
32.836432990770305,75.14896933489642,9.22055435180664,0.07200000000000001,590,1
12.945576643682216,75.77958666434832,5.799375057220459,0.0,902,1
27.604195618416156,84.8602067138705,40.40782165527344,0.36,737,1
20.76118911010729,84.30235292243228,0.9559096097946167,0.036000000000000004,97,0
28.107611503636736,94.18310239551973,23.76712989807129,0.36,822,1
27.163032982385058,94.00011557214457,1.4379233121871948,0.05040000000000001,93,1
29.44834706518512,75.03874604953495,2.393381357192993,0.014400000000000001,194,0
31.70913714072872,78.90114244513525,42.17300033569336,0.0,4249,0
29.20256800345002,80.53077620205647,7.179724216461182,0.16200000000000003,1296,1
27.303439661292938,93.80392351409287,49.34829330444336,0.14759999999999998,724,1
19.170632068045265,73.02238756280028,20.160118103027344,0.0,32,1
31.54932685168386,76.90014514975901,2.215693712234497,0.036000000000000004,862,1
34.26879671129888,75.14950832406689,8.081954002380371,0.0,2211,1
34.20789093503558,77.51001139614776,9.740630149841309,0.0,3785,1
29.80030699350315,80.25643071428637,15.508398056030273,0.16920000000000002,1670,1
19.419645064803195,76.25039370475537,0.9559096097946167,0.0036000000000000003,474,0
33.26223443544296,68.2800913464049,1.1431556940078735,0.0,2070,0
27.134466556350056,88.45742043759871,26.623090744018555,0.2988,626,1
22.98020752493933,74.29817492930681,2.8206403255462646,0.0324,293,0
26.114699045817577,94.38630131278755,4.356317043304443,0.2664,350,1
27.891476846277577,85.50349028882849,33.539764404296875,0.28800000000000003,1397,1
34.2313369639511,87.91115491332563,2.997904062271118,0.0,5009,0
12.815680253598535,74.8587236665974,4.2893900871276855,0.0,16,1
28.315122334268345,97.2464473458957,36.87057113647461,0.054,3914,0
33.70339707147406,73.03801824874395,3.0866591930389404,0.0,554,1
31.28764760941984,96.07764932972779,24.19712257385254,0.0,4995,0
30.460568727330998,79.4773218683695,38.964195251464844,0.33480000000000004,2501,1
27.01588893884628,86.84988523666684,29.0604305267334,0.20160000000000003,846,1
31.073399414157336,79.37491392597988,34.08720779418945,0.0,5704,0
33.43524995916438,75.19074099560797,41.94533920288086,0.126,1751,1
35.040090214243904,69.69763286474551,32.38979721069336,0.0756,2486,0
25.063400668812502,92.80248163535643,20.450780868530273,0.16200000000000003,93,1
27.450314210246482,95.3058168376123,1.0771623849868774,0.07200000000000001,118,0
28.470620709949433,97.17610925914914,36.27479934692383,0.126,3828,0
30.07222703000613,85.01085418701734,3.310401439666748,0.0,5460,0
34.149141115454164,76.82603413881915,24.84661102294922,0.0,4268,1
28.029997063088807,84.29453757946044,21.845529556274414,0.36,697,1
20.81832196217729,77.69488468161956,2.167328119277954,0.10439999999999999,335,0
23.870348139973363,93.01295690642563,33.04913330078125,0.2592,728,0
12.770135668693674,75.99652980546318,2.736393928527832,0.0684,897,0
19.66380715902688,82.21026645724632,2.2430613040924072,0.0,602,1
30.55812576718638,82.16014046439246,14.091703414916992,0.0,5535,0
28.864621793564254,76.22560020291367,2.8996331691741943,0.0,215,0
26.006092727967527,75.11097059837816,2.1869022846221924,0.0396,345,0
28.87135915819515,69.13843160038111,23.80138397216797,0.007200000000000001,559,0
25.072832979295757,92.36347495600721,8.603233337402344,0.12240000000000001,130,1
28.263109879317824,84.24602855411798,27.869823455810547,0.36,1906,1
29.834263311242868,80.26882746520721,43.39917755126953,0.2412,1349,1
30.01347721042471,79.92603035278721,19.633207321166992,0.2484,1699,1
24.666435144760083,95.37965835396692,6.661805152893066,0.36,304,0
27.637343452400167,92.96256141898652,29.620397567749023,0.36,1288,0
31.427245804572014,71.31810380576871,1.120207667350769,0.0756,164,0
33.14446530169489,75.54701283728977,7.474976539611816,0.0,1132,1
19.959442719030616,75.43813702485448,11.705219268798828,0.05040000000000001,912,0
22.80449705536555,91.91261051490763,1.4101873636245728,0.2124,33,1
34.61132432913366,74.94981283640712,24.78592300415039,0.007200000000000001,2670,1
33.99714616938114,69.85555669169372,5.879709720611572,0.0036000000000000003,2605,0
28.265804825170182,83.61163830047278,5.49377965927124,0.061200000000000004,750,1
23.013624853508578,91.71749643519686,3.255836248397827,0.021599999999999998,28,1
27.67345572682177,69.13223322492068,0.9559096097946167,0.0,55,0
27.31718388513997,86.50008126503069,18.967470169067383,0.21960000000000002,1717,1
17.993479719735042,80.10120183319052,1.9112874269485474,0.036000000000000004,295,0
34.98942523221957,91.94279390845405,0.9559096097946167,0.0,4928,0
22.647651206758283,89.25835834491969,3.643784999847412,0.252,3,0
30.1118427340358,84.8106197101871,6.867910861968994,0.0,5207,0
29.131421432947754,88.14372874038418,15.40951156616211,0.0,4325,0
33.20159815376489,74.51188413539884,29.219791412353516,0.10080000000000001,884,0
35.01691367991362,83.01120436456729,15.121108055114746,0.0,5067,0
27.59745825378526,73.95968973025059,3.9668831825256348,0.025200000000000004,314,0
19.190035678182245,73.00891283353847,19.079740524291992,0.0,48,1
30.26195121801217,79.21914605571355,32.99076461791992,0.05040000000000001,836,1
25.06609561466486,85.46279660645787,2.182882785797119,0.014400000000000001,64,0
27.507177567731247,86.14246195042271,40.69738006591797,0.2772,896,1
23.874660053337138,96.12723633341119,4.881141185760498,0.1764,150,0
24.99252359289547,93.49993362194682,12.353411674499512,0.0,1218,1
35.56695212838,71.79861265124426,2.86560320854187,0.0,1291,1
34.38656584504695,76.34148287456507,25.260662078857422,0.0,3266,1
29.901906452137066,69.07051896490168,27.526945114135742,0.010799999999999999,1374,0
24.951829910524857,94.2033144894124,4.768948078155518,0.021599999999999998,917,1
30.290248149461934,79.15096392564888,6.697413444519043,0.025200000000000004,792,1
34.57170862510399,96.04261503364712,5.158492565155029,0.0,4541,0
34.806707903429654,73.56541915205052,6.10431432723999,0.0,3714,1
16.87642466393242,95.19748001434748,3.1426923274993896,0.025200000000000004,4,0
22.009488028919776,93.35494553508993,26.15315818786621,0.36,1634,0
9.165106601993623,80.6655234946744,0.9682687520980835,0.061200000000000004,26,0
22.17361023132841,87.78853487704332,4.3374834060668945,0.010799999999999999,2,0
31.911527574240846,71.75953593638505,0.9559096097946167,0.007200000000000001,186,0
34.035953389655106,90.0716930031615,5.143723487854004,0.0,5124,0
18.815438204704407,76.64331681002923,4.867116928100586,0.010799999999999999,511,0
18.877960948479124,95.3524394008581,2.77970814704895,0.007200000000000001,37,0
31.198983890877244,86.78897946040352,33.82102966308594,0.0,4609,0
22.643069798809275,77.47794154050469,1.9112874269485474,0.018000000000000002,294,0
27.102127206121754,83.35076754196447,3.2183680534362793,0.0036000000000000003,84,0
30.735183709686336,79.06661212047005,4.895733833312988,0.0,3545,1
32.7326775754545,74.85548973157456,2.9675211906433105,0.0,335,1
32.9919313664514,75.19451391980128,37.333473205566406,0.09,878,1
27.91680933728975,84.25007097289652,22.64957046508789,0.21960000000000002,908,1
28.595935692084108,69.47637781026687,3.2629141807556152,0.0,146,0
33.673752667098114,76.17466572630408,42.25362014770508,0.0,4058,0
20.294693983064022,75.02607980402887,3.6016321182250977,0.010799999999999999,702,0
34.664414762425125,73.46381969341661,49.329833984375,0.0828,1325,1
22.835488932667676,78.03363937526102,2.1742074489593506,0.0828,315,0
33.18461999489504,75.80626662828666,21.038419723510742,0.028800000000000003,991,1
34.5913817298262,82.14747421888637,2.86560320854187,0.0,5280,0
32.22360230394397,74.11572709510214,0.0,0.007200000000000001,223,0
27.91680933728975,83.0834289134105,9.285576820373535,0.36,1542,1
35.863396172139446,77.31516681102222,40.56710433959961,0.0,5822,0
34.44235122419077,83.64316916694537,1.502223014831543,0.0,4986,0
27.342516376152137,88.62369859668924,36.49589157104492,0.36,2045,1
29.460474321520735,81.68205707018404,27.942626953125,0.04680000000000001,2276,1
31.59082901781018,88.91178830830637,10.949968338012695,0.0,4770,0
28.371177207997402,93.68372892907767,19.950489044189453,0.36,2073,0
26.860660057750426,75.66963287357208,2.3454713821411133,0.010799999999999999,405,0
19.33610174338008,74.41917799807771,18.91353988647461,0.021599999999999998,565,0
29.436219808849508,71.56037943789575,1.9112874269485474,0.0396,114,0
20.365840553566287,85.01813054081872,3.041031837463379,0.010799999999999999,79,0
35.50631584670194,73.80553882749567,14.509724617004395,0.0,1008,1
32.76393894734186,77.28282746079392,37.99710464477539,0.0,4981,1
8.68594522944427,80.24565093087693,1.3595961332321167,0.17279999999999998,32,0
31.76249706860542,74.76790399137292,6.285895347595215,0.018000000000000002,229,0
30.92490789769238,68.44852546217732,21.838775634765625,0.0,1904,0
26.1028412840672,91.88054065926457,14.002159118652344,0.1296,133,1
33.12533118614314,74.82880976763622,24.773012161254883,0.1296,806,1
17.524559141424653,79.78643215763503,1.3850079774856567,0.014400000000000001,200,0
27.050114751171233,89.94422206434493,20.51230239868164,0.3096,1623,1
24.107772869566155,94.03973127617424,12.239242553710938,0.1296,1237,1
22.798568174490363,75.79333088819534,3.2511308193206787,0.018000000000000002,543,0
31.287378114834606,73.77050453141501,2.236233949661255,0.025200000000000004,190,0
23.21844073828783,88.0739296428081,1.4125308990478516,0.010799999999999999,19,0
25.478691824660956,94.1327069080806,8.471147537231445,0.24480000000000002,1751,1
35.90328137075436,94.31488524770005,28.582212448120117,0.0,3956,0
19.12481798855517,79.63901861951102,4.87412166595459,0.018000000000000002,173,0
33.87910754104784,82.6287915481176,10.901171684265137,0.0,5548,0
30.69449002731572,79.05448486413445,21.061548233032227,0.108,2733,1
14.387103180108813,76.33016410198518,2.1921496391296387,0.007200000000000001,709,0
23.97086962026634,92.91836430700785,23.91875648498535,0.2556,821,0
17.669547228281544,95.52734138667617,3.561331033706665,0.028800000000000003,15,0
27.36003352419247,87.6680707974429,13.516528129577637,0.17279999999999998,1682,1
31.8029212563908,76.75704352499878,13.384420394897461,0.20519999999999997,721,1
32.09963479473548,77.1585904570002,27.470422744750977,0.36,1716,1
21.02394633071225,84.12502548534708,5.806744575500488,0.32400000000000007,160,0
27.174890744135435,88.64579715267858,16.353981018066406,0.29519999999999996,948,1
13.820625561943043,79.0803563443171,2.9508919715881348,0.043199999999999995,530,0
33.806074508448916,85.18252223781259,12.307336807250977,0.0,5033,0
22.2148429028695,79.86323811442725,2.2746315002441406,0.2988,430,0
23.2580564423175,88.36390581652186,3.261254072189331,0.021599999999999998,6,0
24.01776167809738,76.86214641324075,0.9559096097946167,0.007200000000000001,421,0
31.01842251876922,76.08492402942055,2.9356637001037598,0.010799999999999999,248,0
25.160418719497407,93.67941701571391,15.175244331359863,0.1584,1086,1
28.476280096239385,83.53078992490202,33.12592697143555,0.3204,1870,1
28.58003551155519,95.60199138678651,39.90203857421875,0.36,1856,0
27.852669626003614,84.55837277840634,22.951356887817383,0.09,331,1
15.686336575530877,74.16234965834795,13.148210525512695,0.3132,793,1
23.161307886217827,94.12489156510877,7.049457550048828,0.09,118,0
33.235823966089846,75.24410092348468,34.47780227661133,0.025200000000000004,734,1
30.273269990592077,79.23289027956058,38.40495681762695,0.28440000000000004,1011,1
34.70429996104003,75.96931085235437,12.696356773376465,0.0,4909,0
26.912942007286183,94.5453031180767,3.0589234828948975,0.057600000000000005,93,0
26.76040807204269,70.79151138621785,1.4350630044937134,0.007200000000000001,262,0
27.02586023850001,86.43971447793786,41.412906646728516,0.2484,812,0
22.65250210929253,92.1589285658132,3.5335693359375,0.057600000000000005,48,1
30.6462504965585,79.5306817962462,36.729286193847656,0.20879999999999999,2074,1
25.396765470749255,87.65756050861869,1.0581496953964233,0.007200000000000001,27,0
26.663659515943017,94.62210907486893,3.964468479156494,0.30600000000000005,341,1
33.13557198038211,78.09535363528003,16.508712768554688,0.0,5603,0
24.953985867206743,94.21571124033326,20.834087371826172,0.2124,936,1
31.857089668023207,85.23103126315505,22.43425750732422,0.0,5041,0
11.3843945114109,76.48647096142197,32.72159957885742,0.2772,1770,0
25.42371492927284,73.92492492875516,1.058386206626892,0.028800000000000003,646,0
15.23735859652794,76.16226897538324,0.0,0.0,489,0
25.080109333097123,75.7200283610112,35.65140914916992,0.10439999999999999,351,1
19.315889649487392,83.2413527403587,6.320749759674072,0.34199999999999997,584,1
33.403180103521315,75.68068215156676,30.016935348510742,0.08639999999999999,1677,1
6.664196851004875,80.38983053397811,14.17231273651123,0.34559999999999996,90,1
30.30372287872373,90.96479805863312,20.6220645904541,0.0,4712,0
27.61632287475177,88.6587328927699,39.09424591064453,0.234,1842,1
27.90360410261319,85.91042711253463,25.48741340637207,0.0396,1607,1
33.88207198148543,71.36391788525881,1.1513910293579102,0.057600000000000005,562,0
28.953824501277325,74.66226211396047,3.410210609436035,0.018000000000000002,199,0
27.489660419690917,85.05127837480272,55.763248443603516,0.3132,822,1
6.833439450532993,80.99322891032119,3.9619030952453613,0.0,1273,1
29.03143894182525,90.94997585644515,22.217954635620117,0.0,4587,0
34.68759129675541,82.80261555559474,12.421035766601562,0.0,5355,0
35.24814003404599,68.22026354848255,19.894859313964844,0.0,2506,0
20.070743982733024,83.92613848144302,14.872905731201172,0.23040000000000002,826,0
24.980665831145092,87.12369173526646,3.6917097568511963,0.007200000000000001,51,0
30.125586957882827,95.67448543021494,32.56100082397461,0.0,4771,0
17.884334412714523,79.00193342001346,2.223816156387329,0.0036000000000000003,481,0
33.0814035687497,75.29746085136138,18.381072998046875,0.0396,1747,1
33.30292811781357,77.88757331006319,21.921493530273438,0.0,4898,1
22.977512579086973,91.80427369164282,1.411159873008728,0.20160000000000003,72,1
22.214303913699027,92.23492603884971,13.137642860412598,0.28800000000000003,53,1
21.556198136553064,85.70076032522114,1.9112874269485474,0.1764,442,1
33.6796815479733,89.18613379607648,3.9351189136505127,0.0,5308,0
26.198511861825928,91.7996922836938,10.606853485107422,0.0,82,1
16.51718838181302,80.6024617617292,5.732568264007568,0.0,28,1
19.51774109382905,83.18098595326587,6.136741638183594,0.23760000000000003,652,1
24.481561859288288,76.75488756831689,5.323119163513184,0.061200000000000004,399,0
32.631886600576294,75.96607691733153,33.486846923828125,0.2484,1704,0
25.626913846540678,94.11384228711411,13.982973098754883,0.0,1566,1
30.40909526155095,79.05798829374251,42.08523178100586,0.1404,861,1
30.37972035176024,78.5017514698157,31.210922241210938,0.2484,903,1
30.12477847412712,70.28971246850868,12.965032577514648,0.0,467,0
24.41364922380885,91.75603416088559,2.180222749710083,0.0396,18,1
29.380164935120447,79.46330814993725,3.8183305263519287,0.0,1943,1
30.0727660191766,90.98177621750298,19.100080490112305,0.0,5058,0
33.1595569984681,75.8011462311672,37.06618118286133,0.1332,1133,1
25.83011276380851,94.13001196222825,8.228161811828613,0.19440000000000002,1014,1
8.406479344554688,77.39412872449634,6.994728088378906,0.3204,114,0
19.153114920004935,72.92671698504154,8.59816837310791,0.0,74,1
21.421720338520373,92.17590672468306,12.173768997192383,0.2916,49,1
24.964765650616176,84.8602067138705,2.1080987453460693,0.043199999999999995,93,0
27.587756448716767,78.86206573027604,2.3582775592803955,0.025200000000000004,160,0
34.90318696494409,72.64590362722578,34.93634796142578,0.1296,1468,1
25.081995795193773,91.77840221146018,1.4238144159317017,0.0396,8,1
33.86671079012699,73.76673160722171,18.110441207885742,0.3276,1580,1
30.117232625740517,78.96420417808044,40.05199432373047,0.0828,1615,0
34.65336548443045,73.43740922406349,28.66634178161621,0.054,1511,1
28.298952659154192,84.03663126138973,48.465816497802734,0.36,1762,1
30.556778294260198,79.55412782516173,21.59377098083496,0.16200000000000003,1881,1
26.209022150650128,85.68512963927746,1.0654257535934448,0.0,51,0
30.36489814957227,83.56905815600551,11.102560043334961,0.0,5009,0
17.899156614902495,77.74447168530295,1.3865243196487427,0.0396,526,0
24.001592002983227,82.05773252200284,4.350910186767578,0.1404,365,0
27.819521792019604,85.21135815843282,20.74611473083496,0.10080000000000001,1580,1
18.767468168532424,96.03102676648199,13.889212608337402,0.33840000000000003,416,0
9.830488732940953,76.94083883212963,12.907177925109863,0.0792,722,1
30.79608948594964,78.62302403317184,18.08258819580078,0.33840000000000003,1880,1
22.896664203516217,73.74355507289143,1.410704255104065,0.09360000000000002,168,0
27.08164561764383,93.60827044521163,15.726938247680664,0.1584,255,1
11.654158591231992,76.37894262191287,7.987486362457275,0.21960000000000002,880,0
32.28585555313345,82.28195201691906,36.153038024902344,0.0,4621,0
27.746758254005922,69.36211210612687,2.86560320854187,0.0324,63,0
29.22331908651318,90.36382513355716,26.25568199157715,0.0,4529,0
28.744157713963826,81.19750580592998,32.38961410522461,0.36,775,0
25.63958009204676,94.11114734126174,9.866636276245117,0.04680000000000001,1494,1
31.080406273373466,96.4166735179545,12.797540664672852,0.0,4585,0
26.970074859356185,86.7399314458906,25.926294326782227,0.0792,808,1
27.209386051045627,92.93722892797436,40.403831481933594,0.36,1106,0
27.699057712419176,84.41796609949846,1.9112874269485474,0.0,177,1
30.38295428678307,78.50929731820231,8.609665870666504,0.0,724,1
32.18183064323241,85.62718830345175,18.091251373291016,0.0,4867,0
27.989033886132958,78.43761175852957,1.4439966678619385,0.007200000000000001,178,0
29.408461866570214,80.13273269966311,26.85713768005371,0.3168,1646,1
29.583363852388285,80.2168150102567,8.156667709350586,0.014400000000000001,1583,1
26.882219624569295,88.31943920995795,3.2120954990386963,0.1584,1250,1
30.65110139909275,87.42714263824203,2.417959451675415,0.0,4913,0
27.933248506989134,84.41661862657229,20.530900955200195,0.36,1032,1
19.08762773579262,97.86008651647775,33.007144927978516,0.36,525,0
32.37317179874987,77.24967962680992,12.672769546508789,0.0,3957,1
29.183972877068744,81.60174768378376,44.76436996459961,0.028800000000000003,1558,1
27.733553019329367,76.71392439136103,5.171508312225342,0.0828,493,0
31.479797248693007,69.15918268344427,16.455183029174805,0.0,2250,0
27.141742910151425,93.66486430811116,9.70457649230957,0.36,987,1
27.013732982164395,92.63512549792496,4.376541614532471,0.14759999999999998,221,1
29.954996885428532,78.16757818412324,17.504941940307617,0.0,313,1
6.916713277370873,81.03338360352134,23.871835708618164,0.36,1206,1
28.29733569164278,83.80001501555265,24.726476669311523,0.1368,1501,1
25.08873315982467,92.85503307947742,21.906997680664062,0.36,277,1
26.097451392362483,91.87434228380414,35.31865692138672,0.2628,185,1
27.16680590657836,88.34989209808961,23.33286476135254,0.36,1154,1
30.363011687475616,79.21429515317931,14.56283187866211,0.09,1631,1
15.416033506539312,75.61681193486586,2.752772092819214,0.010799999999999999,663,1
35.31201025074689,76.31264695394485,10.400230407714844,0.0,5038,1
13.118322672818401,77.74366320154724,0.9815191030502319,0.018000000000000002,885,0
17.142685314145446,96.40265979952223,3.5540482997894287,0.11520000000000001,8,0
34.05374003228067,81.44409335142079,21.956504821777344,0.0,5331,0
34.180402487341524,71.7013251059741,0.9559096097946167,0.018000000000000002,307,0
16.51206798469354,80.62968071483803,3.0335488319396973,0.0,22,1
28.42022522251033,84.89955292331494,34.236637115478516,0.32400000000000007,1964,1
21.87851366049515,92.26753488366325,3.231640338897705,0.1512,43,1
27.350601213709215,88.70751141269758,49.08292007446289,0.252,3023,0
23.590343265913308,80.78679605803053,1.414685845375061,0.2124,467,0
20.319217990320485,84.94078559485602,2.7929108142852783,0.061200000000000004,94,0
35.22280754303382,72.42572655108809,34.42348861694336,0.2124,2987,1
28.601864572959297,83.33783180187315,38.67757034301758,0.36,2883,1
11.781360035463317,78.19398865347635,26.623598098754883,0.3312,1322,1
34.56766620632545,73.15417041498061,26.998197555541992,0.054,1631,1
25.158532257400758,84.47348198405705,0.0,0.0,77,0
32.807327575564834,81.28347457862021,26.608718872070312,0.0,5059,0
19.43554524533211,95.9439800154508,6.3499016761779785,0.23040000000000002,205,0
25.649012402530015,90.80822170461109,7.886457443237305,0.2664,373,0
22.55225012358479,79.35362385374624,13.463353157043457,0.108,661,0
28.053712586589562,83.96090328293845,25.639799118041992,0.2916,1009,1
32.448360788030676,88.85735040208873,3.893510341644287,0.0,4709,0
15.390431520941906,73.81820507300176,3.031731128692627,0.09,12,1
30.500453925945905,79.38892764441215,34.31672668457031,0.36,2128,1
21.836472505198355,82.36603432751265,1.9112874269485474,0.010799999999999999,234,0
28.235082442453294,94.96113326309563,44.257057189941406,0.2664,312,1
21.045236402945882,93.15956196079394,24.60874366760254,0.23040000000000002,127,0
32.100173783905944,76.26979731489234,22.177734375,0.1584,764,1
32.59119291820568,84.26624064801068,1.134520411491394,0.0,4629,0
7.932977358295288,81.00805111250916,3.0465595722198486,0.126,44,1
27.941063849960976,85.68378216635128,38.3235969543457,0.198,2043,1
15.483676647433512,73.8163186109051,0.0,0.0,8,1
25.907727204356437,79.71609407088847,3.0556883811950684,0.007200000000000001,106,0
25.889401572560402,79.46735056871577,0.9559096097946167,0.010799999999999999,138,0
27.711454463340026,83.90727386047651,23.81353187561035,0.16920000000000002,902,1
27.499901213929878,90.50342332870933,36.26443099975586,0.32400000000000007,1951,1
21.07137737771376,70.70069171099337,6.479770183563232,0.09360000000000002,211,0
28.263918363073532,83.97249155010358,3.7706120014190674,0.0,989,1
33.241752846965035,75.24194496680279,35.692962646484375,0.17279999999999998,811,1
28.353660059957072,82.39972115066713,20.50025749206543,0.14400000000000002,1726,1
22.440948859882383,97.91748886313299,11.250805854797363,0.09,866,0
27.513914932362145,87.80847747635077,30.911697387695312,0.33480000000000004,2201,1
29.60950482715616,79.66273414301178,23.65676498413086,0.09720000000000001,1488,1
25.97024994813116,91.85871159786046,10.011099815368652,0.108,282,1
28.538802840014107,88.68163993251494,22.042089462280273,0.0,5486,0
8.17471400125185,77.44398522276497,4.9107184410095215,0.0,15,1
26.89892828885392,87.2773036488509,22.581676483154297,0.36,636,1
27.17974164666968,95.56021972607495,5.684637069702148,0.36,392,0
21.08943351492456,77.56525778612111,1.9112874269485474,0.043199999999999995,323,0
24.7003914624998,88.01194588820384,1.4214036464691162,0.0324,23,0
22.54659073729484,94.62049210735752,4.241623878479004,0.3312,484,0
34.95789436574697,89.37316303823016,1.5078157186508179,0.0,4981,0
28.209210962270653,82.85408902137479,17.87022590637207,0.0756,1700,1
35.907054294947656,85.1291623099359,2.3592445850372314,0.0,5036,0
21.23711654763381,92.19531033482004,8.978316307067871,0.2664,53,1
11.419428807491562,77.30950742473227,0.9752112030982971,0.1332,253,0
23.8886737717694,68.26904206841024,3.544870615005493,0.0,0,0
23.990542724988558,74.16854803380836,5.060695171356201,0.04680000000000001,187,0
31.096036959317146,79.06795959339624,34.37722396850586,0.0,4567,0
30.69341204897478,77.42646807472464,11.020491600036621,0.0396,1653,1
33.31748082541631,88.13914733243517,9.4727201461792,0.0,5171,0
11.77920407878143,78.20342096395962,16.233905792236328,0.126,1418,1
33.295651764012206,70.64867925604285,10.052660942077637,0.018000000000000002,788,0
29.946642553286217,69.93910001311684,5.818362712860107,0.025200000000000004,1405,0
23.449397597834956,92.81110546208397,31.059179306030273,0.252,869,1
34.85764238003923,71.02920561039588,15.993417739868164,0.09360000000000002,2582,0
25.947073413800872,80.72669876552294,2.3300724029541016,0.010799999999999999,112,0
28.380609518480657,83.29498216282065,31.16975212097168,0.36,2482,0
15.868514915150316,77.47605507840804,0.0,0.010799999999999999,336,0
32.261870535047464,78.06840417675645,19.663673400878906,0.0,4320,1
33.169528298121826,87.90199209742761,3.422214984893799,0.0,4842,0
22.808269979558855,74.91639550783788,3.0468711853027344,0.018000000000000002,488,0
24.1945501260121,91.82933668806974,1.4182885885238647,0.010799999999999999,32,1
24.73515626399523,77.40383052956483,3.1545186042785645,0.014400000000000001,504,0
29.900019990040416,81.13336609464385,49.44246292114258,0.0,4314,1
31.709406635313957,76.92978955413496,2.440887928009033,0.0,757,1
27.976906629797345,94.38926575322515,9.695698738098145,0.2556,805,0
31.862479559727923,88.07958902909805,1.4764686822891235,0.0,4833,0
34.82880645941899,73.22343052338623,41.43624496459961,0.1764,2799,0
28.944661685379305,73.63953016299038,1.0923278331756592,0.0,198,0
27.726276665527998,89.37963090827581,5.384115695953369,0.0,4514,0
33.330686060092866,71.27228972627861,4.567121982574463,0.0,550,1
33.330955554678106,87.67561664582949,9.183976173400879,0.0,5080,0
9.552639815562785,76.92978955413496,18.393508911132812,0.34559999999999996,355,1
34.33482288468167,76.4964422610757,31.25098991394043,0.0,4012,0
33.334728478871405,94.94523308256672,44.11577224731445,0.0,5126,0
34.848210069555975,73.56514965746528,15.836009979248047,0.014400000000000001,2221,1
18.058427914776885,77.65796392344224,2.86560320854187,0.010799999999999999,560,0
30.78638768088115,78.61601717395571,26.850921630859375,0.036000000000000004,1552,1
30.14552955719028,78.60065598259726,30.938535690307617,0.0396,509,1
27.248462765904826,86.6445303627171,34.27000427246094,0.33480000000000004,736,1
35.1279454490308,73.12398702143419,53.02786636352539,0.3096,2548,0
29.51922414110215,80.46879244745222,9.53392219543457,0.0684,2000,1
27.339012946544074,88.60645094323414,17.799514770507812,0.2412,1501,1
30.452753384359156,78.10451645117806,30.05643653869629,0.1656,2065,1
29.05542395991124,94.86222875031407,27.313684463500977,0.36,2574,0
24.68691673323801,83.47015364322395,4.3563432693481445,0.0792,370,0
29.84100067587376,79.77592186881084,1.458665132522583,0.0,878,1
27.392103379835536,85.21378360969995,21.744401931762695,0.16200000000000003,487,0
26.88006366788741,88.28009300051352,25.150053024291992,0.1296,1557,1
27.91411439143739,96.9149690060556,39.542724609375,0.36,2167,0
31.53423515491065,84.95614678621446,7.0225911140441895,0.0,5525,0
32.869580824754316,92.07538524439009,4.641973972320557,0.0,5278,0
25.19410554265189,94.44801557280657,14.04740047454834,0.2268,1720,1
27.178394173743502,85.32292891672047,2.14829683303833,0.36,190,0
33.54520374994061,73.70609532554364,6.023215293884277,0.036000000000000004,529,1
26.132485688443143,91.83418759060399,2.86560320854187,0.0,67,1
32.75935753939285,84.53869967368412,10.140487670898438,0.0,5195,0
24.090255721525825,75.43166915480883,0.9559096097946167,0.021599999999999998,427,0
27.2708308164794,94.05859589714075,2.3526344299316406,0.11520000000000001,98,0
18.283994882619297,94.98700474327828,12.777055740356445,0.22319999999999998,449,0
31.155056273483797,69.89921481450193,2.9380955696105957,0.0,1281,0
22.942208788421073,88.89723560070362,0.9559096097946167,0.1764,5,0
23.312494348535143,89.64670004224455,0.0,0.04680000000000001,0,0
26.11200409996522,79.49025760846082,1.9112874269485474,0.010799999999999999,137,0
25.294627022944866,92.83401250182902,17.09578514099121,0.3168,885,1
24.272164566560026,91.42455582104549,0.9559096097946167,0.028800000000000003,6,0
33.30400609615452,75.19828684399458,42.54912185668945,0.3204,2021,1
33.611768912493865,73.04394712961914,3.569373369216919,0.0,506,1
27.28726998617879,88.28170996802494,19.062129974365234,0.36,572,1
29.03979327396756,81.71897782836136,30.809938430786133,0.3168,2726,1
33.24094436320933,75.23412962383095,13.33187484741211,0.0,684,1
29.107166920276526,78.48612078387202,0.0,0.0756,218,0
26.16778947910904,94.24427766636826,13.586700439453125,0.3096,774,1
19.324782970800175,78.69444009825935,6.737016201019287,0.24480000000000002,311,0
31.118405009891724,68.53853665364609,12.801183700561523,0.0,1998,0
29.83857522460664,68.61992401838732,23.45208168029785,0.0,868,0
34.94630609858183,97.87383074032478,16.508960723876953,0.0,4387,0
6.957406959741487,81.12043035455252,1.9254549741744995,0.0828,1124,1
33.175457178997014,75.8103090470652,46.3269157409668,0.057600000000000005,1062,1
23.20604398736698,89.5426751323435,1.0400389432907104,0.0648,2,0
20.39764091462412,80.70729515538595,1.0198453664779663,0.33480000000000004,382,0
21.709810050137502,73.704208863447,18.51227378845215,0.1908,301,0
19.198120515739323,76.04261337953852,1.9112874269485474,0.007200000000000001,461,0
32.28612504771869,77.16128540285256,38.378482818603516,0.11159999999999999,2369,1
31.500009342585695,96.55519373476572,20.80400848388672,0.0,4530,0
24.392359151575217,78.86503017071364,1.4194958209991455,0.0,365,0
33.25980898417584,75.88873197136884,19.541961669921875,0.043199999999999995,2929,1
23.472843626750475,86.50358469463876,4.23513126373291,0.036000000000000004,212,0
33.21183894800386,87.17705166314316,0.0,0.0,4798,0
22.900437127709516,84.42416447495889,2.86560320854187,0.018000000000000002,659,0
19.575682429654755,97.51432496362014,5.405468463897705,0.1368,574,0
35.72757090118058,71.30570705484787,46.838951110839844,0.0,3323,1
32.64886475944615,87.99685419143063,3.08158802986145,0.0,5197,0
27.993615294081966,82.48272548291978,4.385913372039795,0.0684,623,1
26.140570526000218,91.76438849302791,3.963174343109131,0.0324,60,1
14.76843801821755,76.78803540230089,0.0,0.010799999999999999,525,0
21.06949091561711,92.26322297029948,5.108870029449463,0.0,0,0
26.344308432438527,97.87275276198383,15.840529441833496,0.36,740,0
23.23191546754962,85.17174245440316,1.0402404069900513,0.054,686,0
17.07207773281365,74.10117438749941,3.1456611156463623,0.05040000000000001,677,0
27.543020347567616,88.59674913816565,27.836986541748047,0.23040000000000002,1679,1
26.18153370295607,91.77193434141451,0.0,0.0,57,1
24.099149042838608,73.34227763547524,15.24505615234375,0.22319999999999998,442,0
18.280760947596466,83.03950129601705,17.61504364013672,0.28440000000000004,713,1
15.593630438209741,73.94352005513643,1.9842681884765625,0.018000000000000002,4,1
33.70582252274118,79.94893739253226,38.254791259765625,0.0,4854,0
11.025697218461975,76.70799551048584,7.506523132324219,0.36,1355,0
26.43324164556636,75.19289695228986,2.1342391967773438,0.010799999999999999,355,0
28.08901637725546,83.29336519530924,39.125152587890625,0.36,1225,1
31.36580103913824,92.14248939611382,12.663554191589355,0.0,4756,0
26.12952124800555,91.70563867344649,4.368535995483398,0.054,142,1
25.71234363006044,70.25925958037703,1.9112874269485474,0.010799999999999999,76,0
23.554230991491703,77.5186352228753,1.0427744388580322,0.061200000000000004,464,0
31.488151580835318,76.67026626855282,7.6833271980285645,0.08639999999999999,689,1
34.19414671118855,93.45573650996815,1.499585747718811,0.0,4434,0
13.986095237277858,75.45188124870153,2.86560320854187,0.04680000000000001,691,1
13.295650109903594,77.3682572443137,3.0951550006866455,0.028800000000000003,944,0
24.067887670951247,75.74428287368242,4.5940260887146,0.036000000000000004,450,0
17.58977683105173,75.59201843302417,2.768920660018921,0.007200000000000001,468,0
29.669871614248994,91.1547917412244,0.0,0.0,3653,1
33.03612847843008,96.41263109917595,8.319317817687988,0.0,4562,0
35.074046531983626,68.85600127505393,25.69343376159668,0.0,2644,0
23.49386420439887,80.08880508226966,3.5411689281463623,0.007200000000000001,376,0
27.526850672453463,91.65820762644498,20.7366886138916,0.2556,1422,0
18.768815641458602,73.36787962107265,20.369789123535156,0.0,558,1
11.319176821783824,76.59588576302772,6.411775588989258,0.09,2019,1
27.68585247774262,86.55640563334498,17.39474105834961,0.057600000000000005,4616,0
19.11565517265715,97.51863687698392,16.253448486328125,0.33840000000000003,192,0
29.672836054686588,90.5090827149993,20.77810287475586,0.0,5535,0
34.94091620687711,92.04816629128126,1.9112874269485474,0.0,4927,0
24.320404097317244,86.1513552717355,2.1798510551452637,0.018000000000000002,362,0
29.114982263248365,74.17447691468355,1.0941309928894043,0.014400000000000001,201,0
28.934959880310814,82.31240490505071,25.041460037231445,0.14759999999999998,1664,1
7.850512015213115,79.79316952226593,2.714759349822998,0.12240000000000001,11,0
26.736962043127168,78.13631681223589,2.1901862621307373,0.057600000000000005,132,0
28.259875944294993,84.09996248892016,26.338150024414062,0.36,1353,1
30.562976669720623,79.5764958757363,19.90174102783203,0.11159999999999999,1442,1
27.525772694112522,83.63292837270642,2.357166290283203,0.0792,110,0
27.86668334443588,83.48335887790051,12.014799118041992,0.10439999999999999,1425,1
22.85085012402612,89.418707623135,0.0,0.010799999999999999,1,0
22.079826115666336,80.08206771763876,2.810750961303711,0.28440000000000004,333,0
19.241509143962293,72.97037510784975,3.506530523300171,0.0,41,1
13.900665453758092,74.66010615727858,10.629986763000488,0.1404,73,1
6.806489992009408,80.97786771896276,27.51820182800293,0.2124,1326,1
21.653216187237973,75.85774009406671,9.929935455322266,0.018000000000000002,413,0
18.351368528928262,94.64986701714822,20.528650283813477,0.36,347,0
33.00675356863937,74.94550092304334,38.6996955871582,0.126,1335,1
7.154138006963662,93.8252135863265,25.624080657958984,0.36,498,0
32.9919313664514,75.19451391980128,37.333473205566406,0.09,878,1
34.333205917170254,73.20187095656735,2.503408432006836,0.0,1092,1
33.25361060871541,75.2007122952617,13.914978981018066,0.057600000000000005,675,1
15.150042350911523,74.1100677088122,2.198389768600464,0.2124,54,1
29.080486956338177,77.77519406801984,0.9559096097946167,0.07200000000000001,227,0
32.739684434670636,96.06902550300025,8.840121269226074,0.0,4064,0
26.973308794379015,87.3411738655518,16.100826263427734,0.07200000000000001,1072,1
33.07170176368121,70.94081138643851,2.4723000526428223,0.014400000000000001,414,0
32.14437089588463,95.16972207206818,27.690397262573242,0.0,4634,0
30.15011096513929,78.7752884738301,31.2316951751709,0.04680000000000001,1620,1
18.593105171884822,82.65223757703313,9.044683456420898,0.043199999999999995,891,0
21.777183696446468,92.19908325901335,4.334766864776611,0.0,20,1
9.726733317625147,76.80797800160835,18.65204620361328,0.36,306,1
29.39310067521177,79.4525283665278,13.317560195922852,0.0,1990,1
21.44085445407212,92.00747260891065,3.5232911109924316,0.08639999999999999,4,1
31.453117284754658,87.72843758453573,18.937942504882812,0.0,4995,0
24.236591281308893,74.523472402564,10.536582946777344,0.10080000000000001,509,0
26.16186059823385,91.76977838473262,3.056487798690796,0.0,55,1
6.889494324262051,81.04012096815224,4.864302158355713,0.0828,926,1
35.04386313843721,89.42517549318067,2.86560320854187,0.0,4952,0
28.136716918842207,85.3164610466748,25.609285354614258,0.28800000000000003,1927,1
31.55956764592282,77.16802276748345,13.639083862304688,0.0396,1857,1
14.336977187254943,80.03625363814868,2.150585412979126,0.021599999999999998,7,0
25.514534604497324,90.20239787700088,3.5610649585723877,0.057600000000000005,314,1
24.768034603394003,93.41073091423375,15.833348274230957,0.36,506,1
30.87532089400898,77.00012764088152,33.83998107910156,0.1296,1178,1
33.24094436320933,75.23817204260948,22.674436569213867,0.0,720,1
33.580777035191744,74.90345976774655,16.75193977355957,0.0828,2222,1
25.4940530160194,82.57246717980331,2.3227145671844482,0.0,86,1
32.17967468655053,77.1947027314218,10.116045951843262,0.1764,1870,1
26.954983162582977,93.39725618497197,10.452994346618652,0.36,169,0
21.23711654763381,92.10422116501032,7.206986427307129,0.16200000000000003,23,1
30.697184973168078,92.31011502813051,27.474031448364258,0.0,4861,0
10.965330431369145,76.55168865104905,1.9468046426773071,0.35640000000000005,135,1
21.630309147492927,84.54193360870696,11.713638305664062,0.34559999999999996,397,0
35.625432453376185,71.73231698327623,51.292762756347656,0.18720000000000003,2170,0
21.709540555552266,94.91585817277601,2.170259952545166,0.0396,188,0
28.828240024557413,76.22479171915795,2.2004005908966064,0.025200000000000004,217,0
29.879538401562492,79.95459677882221,11.256243705749512,0.1656,1296,0
34.304369996550015,91.27336935872817,3.5963990688323975,0.0,4746,0
23.902687490201668,97.58331557744052,14.440725326538086,0.2916,826,0
34.302483534453366,83.17074515902692,20.185056686401367,0.0,5122,0
19.34203062425527,73.77346897185261,36.803524017333984,0.0756,622,1
27.71846132255616,83.46988414863871,34.63312911987305,0.32400000000000007,378,1
28.39273677481627,83.59412115243245,19.985122680664062,0.34559999999999996,1036,1
21.334943082074428,81.13390508381431,1.4023221731185913,0.010799999999999999,297,0
27.488582441349973,88.44502368667787,33.55196762084961,0.36,1919,1
7.520650642884427,80.70136627451076,18.624597549438477,0.36,636,1
30.728176850470202,74.5919240272139,6.232053279876709,0.014400000000000001,191,0
17.22892358142092,96.71931593717436,3.946561574935913,0.021599999999999998,9,0
30.40397486443147,79.32748287897837,30.536479949951172,0.0792,1091,1
21.036073587047863,84.62143451135154,3.520026922225952,0.3528,303,0
25.518307528690627,91.96300600234673,3.9616870880126953,0.11880000000000002,1613,1
12.677160036787305,75.25649767440552,8.2889404296875,0.36,97,1
18.04306672341844,94.96921810065271,28.647539138793945,0.27,361,0
27.91600085353404,97.12140185834626,31.742107391357422,0.036000000000000004,3982,0
34.41944418444573,86.61299949624451,1.1587377786636353,0.0,5050,0
29.39498713730842,81.3705213296514,23.827781677246094,0.043199999999999995,1369,1
28.218373778168672,85.35742422363066,56.14305114746094,0.108,1685,1
27.009690563385856,69.43999604126003,3.577383518218994,0.0,51,0
31.018692013354457,78.41281825668787,54.560367584228516,0.17279999999999998,3255,1
15.121475924876522,76.7241651856,5.996152400970459,0.0,521,0
23.138400846472777,90.60286683066137,0.0,0.0,0,0
13.270856608061896,79.16443865491068,2.7392280101776123,0.043199999999999995,292,0
26.56987540028094,97.03624156941173,15.33246898651123,0.36,744,0
24.764531173785937,68.3822297942093,0.0,0.0324,8,0
29.459665837765026,82.04452728732628,11.805061340332031,0.1656,3610,1
18.931859865526295,77.16667529455728,2.161653995513916,0.010799999999999999,410,0
15.001550834446565,78.65751934008203,9.522424697875977,0.126,238,0
27.622790744797427,92.59874372891812,29.336383819580078,0.36,2643,0
28.569794717316228,94.23646232339642,32.45201873779297,0.36,2470,0
35.27320303047292,79.70288883621191,1.1708184480667114,0.0,4884,0
28.20462955432164,84.73866465592913,25.54856300354004,0.32400000000000007,1728,1
20.573351384197895,84.35140093694521,6.262341499328613,0.2628,301,0
26.130868720931726,91.83823000938253,9.322247505187988,0.021599999999999998,105,1
34.562815303791204,77.60002258761654,1.5035158395767212,0.0,3119,1
33.69180880430891,76.04126590661234,9.737447738647461,0.0,4881,1
32.952315662421725,75.15328124826019,24.82549476623535,0.054,943,1
18.122837120648253,77.40975941044002,2.7732715606689453,0.010799999999999999,548,0
29.33003894226658,80.10012385484957,11.378362655639648,0.028800000000000003,1620,1
35.48044436651929,95.47452044796994,16.61432647705078,0.0,4642,0
6.216566344928118,80.4499278264857,9.377384185791016,0.34199999999999997,72,1
27.342516376152137,88.24263325316574,15.146194458007812,0.34559999999999996,1384,1
29.91295573013174,79.35308486457578,13.806427955627441,0.108,1016,1
27.97798460813829,85.97429732923553,33.89485549926758,0.36,2145,1
26.87602124910887,75.81003955247998,2.86560320854187,0.010799999999999999,434,1
35.304733896945514,69.55453123998527,21.856645584106445,0.0324,2453,1
23.73937377154874,92.71516538974001,23.839988708496094,0.036000000000000004,1099,1
28.506193995200565,87.70148812601214,1.9112874269485474,0.0,4152,0
30.416102120767082,78.34140219160037,21.97052764892578,0.11520000000000001,2324,1
30.51500663354864,85.73229119169373,1.46438467502594,0.0,4809,0
28.129710059626074,83.50033703677038,26.7722110748291,0.2484,1659,1
29.895438582091405,81.84132837005843,68.28179931640625,0.19440000000000002,3437,0
27.606351575098042,87.21963180761043,27.1384334564209,0.36,2752,1
7.569429162812117,80.52835075078934,7.727031707763672,0.36,166,1
27.965318362632203,84.4106897456971,10.351049423217773,0.007200000000000001,410,1
29.283416379020775,80.67495580515765,21.468120574951172,0.0792,1600,1
33.338770897649944,75.19208846853415,18.438608169555664,0.043199999999999995,1235,1
30.404244359016705,79.3307168140012,39.409690856933594,0.108,1028,1
23.627533518675857,84.04175165850921,1.9112874269485474,0.36,499,0
18.06786022526014,78.7588493041307,0.9559096097946167,0.04680000000000001,532,0
31.105469269800402,77.17260417543247,19.215557098388672,0.0036000000000000003,2200,1
32.33301710554973,87.99065581597021,0.0,0.0,4698,0
32.0020777548801,76.73440597983895,3.8183305263519287,0.32400000000000007,1173,0
30.706617283651333,84.1791938969795,18.873668670654297,0.0,5646,0
30.846215478803508,74.74337998411646,6.2380523681640625,0.043199999999999995,202,0
29.91214724637603,78.17242908665749,1.1027804613113403,0.1584,284,1
30.56836656142534,94.19549914644057,59.72037887573242,0.0,5731,0
30.135019268366083,78.3896417223576,2.4072251319885254,0.025200000000000004,372,1
21.826231710959394,84.66482313957451,2.808060884475708,0.05040000000000001,368,0
29.882502842000086,81.26029804428993,48.325260162353516,0.0,4991,1
17.751473582193245,81.75293414610108,25.003286361694336,0.34559999999999996,693,0
31.775702303281978,76.98773088996066,30.717344284057617,0.11159999999999999,1004,1
31.673024866307117,76.53390200842348,3.979156494140625,0.08639999999999999,751,1
27.6338400227921,85.61182711209331,11.639399528503418,0.1584,889,0
10.301834762518466,77.17098720792104,27.96822738647461,0.17279999999999998,1220,1
13.84029866666526,80.0289772843473,2.187898874282837,0.007200000000000001,7,0
25.90718821518597,91.88188813219074,7.371793270111084,0.2808,580,1
15.949093796135836,73.96669658946671,5.049330711364746,0.30600000000000005,130,1
21.440584959486884,92.11796538885736,12.084941864013672,0.2556,29,1
33.837335880336276,79.04774749950354,40.976478576660156,0.0,5500,0
27.92004327231258,85.19006808619919,20.94728660583496,0.234,695,1
15.067038018658879,74.57952727629305,2.197693347930908,0.3168,412,0
29.169420169466008,81.57129479565211,22.137434005737305,0.061200000000000004,1889,1
7.422824108443812,80.6310281877642,7.838036060333252,0.11520000000000001,378,1
17.8961921744649,77.70916789463705,0.9559096097946167,0.021599999999999998,532,0
23.71188532385468,70.49425885870271,3.957677125930786,0.0,2,0
33.52202721561033,90.08840166744612,1.4926197528839111,0.0,5002,0
27.583983524523465,91.8770372296565,20.75433921813965,0.1368,2724,1
17.71590029694211,79.33799316780257,2.7699358463287354,0.0324,325,0
9.550753353466133,78.3206511085372,1.9112874269485474,0.0,59,0
6.973037645685167,81.08539605847186,8.654237747192383,0.10080000000000001,837,1
31.28764760941984,97.15131575730744,31.487947463989258,0.0,3389,0
20.929353731294462,92.22252928792886,23.8009090423584,0.29519999999999996,55,1
33.01349093327026,74.93526012880439,40.54978561401367,0.1656,1566,1
35.96337866326195,93.61366033691635,20.41779136657715,0.0,4903,0
6.990015804555026,81.05682963243686,3.4506852626800537,0.0,676,1
28.83632486211449,86.0815561741594,5.762383937835693,0.0,4899,0
22.23748044802931,90.78100275150227,1.0327039957046509,0.198,7,0
21.288320518828623,85.87727927855062,2.2626030445098877,0.10080000000000001,288,0
15.382616177970066,73.92384695041422,1.3770662546157837,0.0,56,1
28.97430608975525,83.87143108064015,18.566139221191406,0.0,3542,1
31.04914490148611,82.01407439919463,5.561839580535889,0.0,5306,0
29.527308978659228,92.03738650787183,7.188093185424805,0.0,5268,0
21.78607701775925,83.8846363153167,2.2689836025238037,0.0,202,1
31.55822017299664,95.27482496031017,30.337472915649414,0.0,4159,1
29.06970717292874,82.10597205276005,18.060516357421875,0.30600000000000005,3635,1
24.9386246758483,81.68690797271829,1.0541824102401733,0.036000000000000004,337,0
31.686499595568907,77.10442204536778,52.137596130371094,0.10439999999999999,1059,1
22.77997304810909,92.03523055118994,5.808967113494873,0.28440000000000004,89,1
27.721156268408517,83.46907566488301,14.138082504272461,0.0828,239,1
27.275951213598884,82.08872439930495,2.35272479057312,0.007200000000000001,104,0
10.244432415863228,77.51459280409676,15.932035446166992,0.2988,1715,1
17.00308711899327,73.35709983766321,5.7169413566589355,0.0,128,1
30.622804467642982,91.3081341602236,27.066129684448242,0.0,4549,0
33.28702793728466,77.28525291206105,35.416114807128906,0.0,4076,1
21.785807523174014,95.89493200093789,2.268980026245117,0.018000000000000002,90,0
17.17152123476568,74.5784492979521,3.1471853256225586,0.014400000000000001,628,0
26.887879010859248,88.27955401134305,26.76568603515625,0.11159999999999999,1532,1
25.74495247487398,96.3881070919195,2.86560320854187,0.1368,267,0
33.74516873218562,74.17932781721781,0.0,0.0324,1146,1
30.275425947273963,81.91894281060637,33.4951286315918,0.0,5054,0
31.191168547905402,73.47998936853075,1.117404580116272,0.010799999999999999,184,0
23.440234781936937,96.17978777753218,8.331323623657227,0.36,181,0
30.56513262640251,79.56167367354833,10.45676326751709,0.0324,1392,1
28.526675583678493,83.27638703643937,32.40821075439453,0.1584,2610,1
30.904426309214454,77.09687619698119,16.00657844543457,0.0324,1456,1
12.326547581395454,77.20359605273458,9.015865325927734,0.1908,585,0
26.64317792746509,80.68277114812949,1.4342421293258667,0.0,123,0
25.318073051860384,94.04404318953802,5.272969722747803,0.1368,993,1
27.596380275444314,85.11137566731033,13.029230117797852,0.2772,2090,1
29.365612227517712,95.273477487384,39.90933609008789,0.27,2645,0
25.61559507396077,96.31669102683199,9.4727201461792,0.0,277,1
28.70373352617845,80.97867620271846,2.178819417953491,0.018000000000000002,182,1
27.716574860459506,85.42803180496246,12.950209617614746,0.126,1533,1
34.062363859008215,87.98284047299838,13.664590835571289,0.0,5323,0
33.166294363099,75.30985760228222,22.850425720214844,0.12240000000000001,933,1
22.343930809197474,73.86644460375898,0.0,0.0828,104,0
18.696321598030156,96.05204734413039,2.778130292892456,0.3204,339,0
32.44054544505883,79.33179479234214,20.524425506591797,0.0,4765,0
19.64575102181608,80.02035345761976,2.1637187004089355,0.014400000000000001,159,0
20.332962214167512,80.0559267428709,2.038191318511963,0.010799999999999999,218,0
24.754290379546973,93.50397604072536,17.3110408782959,0.36,403,1
30.53441024368562,79.08520724685134,24.342300415039062,0.021599999999999998,1408,1
25.476805362564303,94.13513235934774,13.040626525878906,0.1908,1669,1
34.33859580887497,75.41253503925708,32.75489807128906,0.0,3907,0
25.663565110132755,71.50540254250764,11.88453197479248,0.007200000000000001,164,0
24.84484056018622,86.68899696928102,3.2982773780822754,0.0684,173,0
26.426773775520697,80.64773685204884,2.1341195106506348,0.007200000000000001,125,0
6.969803710662337,81.03904298981129,8.537910461425781,0.14759999999999998,774,1
26.20821366689442,94.54368615056529,8.514533042907715,0.30600000000000005,1476,1
30.614180640915436,95.88711665796603,17.80831527709961,0.11520000000000001,4480,0
22.34743423880554,91.81235852919988,1.4076659679412842,0.0,36,1
33.1595569984681,97.66605041510793,10.340293884277344,0.0,4384,0
34.34290772223874,73.4021054333976,16.915748596191406,0.0648,919,0
21.751851205434296,78.30690688469018,3.084873676300049,0.010799999999999999,743,0
15.494995420013419,73.82871536182596,6.006515979766846,0.0,53,1
34.097667649674115,74.40166085003739,15.126140594482422,0.09,2008,1
27.00753460670397,88.25098758530805,15.341437339782715,0.043199999999999995,2256,1
26.10149381114102,91.69054697667329,27.347131729125977,0.32400000000000007,131,1
12.85960787099198,79.0706545392486,0.9804974794387817,0.04680000000000001,250,0
23.934487851259497,88.04940563555162,3.6694300174713135,0.0324,21,0
20.81643550008064,76.94784569134576,1.39971125125885,0.0036000000000000003,261,0
35.335995268832875,86.34889480271337,2.86560320854187,0.0,4888,0
33.632519995557026,75.23170417256382,1.1480450630187988,0.018000000000000002,1750,1
26.80972558114085,88.52587206224862,14.145689964294434,0.3168,154,1
24.46377521666272,92.4941798298466,11.981339454650879,0.29519999999999996,94,1
27.999544174957155,84.63329227310192,41.880126953125,0.32400000000000007,1394,1
25.15772377364505,71.07987059242022,3.5573763847351074,0.010799999999999999,126,0
28.99640464574459,91.01708000816888,7.410558223724365,0.0,4631,0
26.1667115007681,91.70429120052032,17.66533851623535,0.0,235,1
19.19353910779031,73.0113382848056,27.971479415893555,0.18,147,1
18.49581762661468,82.02000328006982,1.0079642534255981,0.043199999999999995,286,0
26.71028207918882,94.69298615078596,12.136589050292969,0.2988,687,1
17.880830983106456,74.67061644610277,2.158790349960327,0.010799999999999999,626,0
18.651046507710532,96.97021539602895,3.5024256706237793,0.36,992,0
31.91853443345698,73.97181698658619,2.445568561553955,0.036000000000000004,216,0
24.20802485527389,96.8397800167748,4.248178958892822,0.061200000000000004,102,0
35.146271080826835,74.76440056176484,37.594905853271484,0.0,3225,0
35.75074743551086,68.84791643749686,6.168461799621582,0.0,1235,1
32.50010374839596,81.39369786398169,7.373196601867676,0.0,4885,0
35.41118425811368,73.81308467588228,22.26656150817871,0.043199999999999995,2026,0
24.24521510803644,94.06910618596496,31.00289535522461,0.1404,1292,1
24.99252359289547,93.4945437302421,8.841333389282227,0.10439999999999999,1134,1
11.728539096757089,79.0315778243894,1.3662173748016357,0.007200000000000001,103,0
6.739655334870915,80.17450436037467,2.139665365219116,0.216,11,1
18.783368349061337,73.47028756346226,25.515029907226562,0.07200000000000001,778,1
28.679209518921986,82.67891754097148,29.69017791748047,0.036000000000000004,1415,1
29.214695259785632,81.70092169115055,46.12071990966797,0.3168,2688,0
23.268836225726933,80.10174082236098,11.166304588317871,0.234,463,0
19.17036257346003,73.02157907904457,38.611976623535156,0.0,51,1
19.266841634974465,83.05647945488691,4.9510040283203125,0.036000000000000004,847,0
33.57700411099844,74.18714316018965,13.2551851272583,0.0648,1384,1
26.122514388789416,91.7161489622707,16.230552673339844,0.0,72,1
35.30042198358174,74.4490918970389,32.1524543762207,0.0,4172,1
33.371918731633954,75.19451391980128,42.08400344848633,0.216,1478,1
35.46831711018368,79.45953522574393,12.823620796203613,0.0,5302,0
32.95554959744456,74.96490453318033,4.9019012451171875,0.11520000000000001,761,1
27.35787756751058,85.97510581299125,20.20745086669922,0.021599999999999998,529,1
6.686025912408979,80.387405082711,1.9243651628494263,0.35640000000000005,23,1
25.619637492739308,96.30860618927491,19.371042251586914,0.036000000000000004,339,1
34.09012180128751,74.02571590363337,12.44130802154541,0.0,1314,1
10.007007686270438,76.71042096175297,0.9559096097946167,0.1764,41,1
32.8318515828213,75.73026915525016,17.139039993286133,0.061200000000000004,3270,1
6.963335840616676,80.36422854838071,16.642507553100586,0.36,586,1
26.73238063517816,88.40891141225626,1.434866189956665,0.0,117,1
34.78865176621885,73.51475417002618,32.682003021240234,0.054,2165,1
30.429576850028873,97.15967008944975,15.501502990722656,0.0,4855,1
24.724915469756265,88.25772494993895,2.86560320854187,0.10439999999999999,21,0
23.74179922281586,92.71408741139906,16.65648078918457,0.0324,934,1
35.18076638773702,76.05581861421507,1.510282278060913,0.061200000000000004,2341,1
26.404405724946123,93.8508155719239,5.220505714416504,0.36,121,0
26.149733341898237,94.60540041058431,22.833824157714844,0.1548,1698,1
32.450247250127326,78.77043757129586,27.94637107849121,0.0,5168,0
34.20923840796176,74.32108196905186,43.16326141357422,0.11880000000000002,1636,1
28.024337676798854,79.93034226615099,2.366208076477051,0.021599999999999998,157,0
13.181923394934064,76.11456843379649,4.988916873931885,0.11159999999999999,969,1
25.00357287089014,70.57214279383587,2.1087634563446045,0.007200000000000001,114,0
29.19987305759766,81.70011320739485,21.846025466918945,0.0684,3569,1
34.160190393448836,75.4960783606802,23.213842391967773,0.0,3749,1
22.349590195487426,91.81370600212607,11.377778053283691,0.0,42,1
26.778194714668256,78.8038548998651,3.058478355407715,0.04680000000000001,138,0
30.843251038365914,87.07599119367971,0.0,0.0,4701,0
23.67361709275119,82.44796068142435,4.275452136993408,0.11880000000000002,611,0
23.269914204067877,95.58555221708711,2.080387592315674,0.216,196,0
33.01079598741791,74.93957204216815,44.2034797668457,0.23760000000000003,1431,1
23.728054998968833,92.71759084100714,6.322168350219727,0.0,1075,1
28.35123460868995,84.11747963696048,33.301658630371094,0.1908,1409,1
27.068170888382035,88.28117097885446,8.52527141571045,0.1764,1728,1
24.866939116175562,92.35754607513202,2.106428861618042,0.0,20,1
19.09490408959399,72.88979622686423,1.3916288614273071,0.0,20,1
30.071149051665184,80.2386440716608,18.255474090576172,0.061200000000000004,2128,1
35.721103031134916,74.81910796256773,38.29100799560547,0.0324,1682,1
22.413999401358797,86.94636429818127,4.237783432006836,0.08639999999999999,78,0
31.658202664119145,89.44377061956195,3.498023748397827,0.0,4645,0
31.876493278160186,95.40175690995626,41.06909942626953,0.0,5554,0
28.165283344877206,91.76923939556215,21.561809539794922,0.0,4451,0
27.351679192050156,89.37666646783822,37.654205322265625,0.36,3299,0
25.70210283582148,94.0461991462199,9.648903846740723,0.11880000000000002,1013,1
31.681648693034663,77.12086121506718,42.04827880859375,0.21960000000000002,1082,1
29.37800897843856,81.35596862204866,14.453575134277344,0.021599999999999998,993,1
33.33904039223518,79.59994190465181,24.502975463867188,0.0,5449,0
27.0889219714452,70.06710994110387,1.9112874269485474,0.0,86,0
26.633745616981837,91.73393560489626,2.189713954925537,0.0756,72,0
10.57402429360668,92.43785546153231,1.9442791938781738,0.36,68,0
32.361314036999495,73.83141030767831,2.86560320854187,0.0,218,0
25.52504489332152,89.45589787589756,1.059278130531311,0.043199999999999995,25,0
10.053360754931006,76.47892511303537,7.336338996887207,0.16920000000000002,60,1
27.770204282921444,85.86919444099355,53.7603759765625,0.0,1291,1
32.90407613166451,75.0910279990707,1.4864352941513062,0.007200000000000001,644,1
34.90749887830786,81.17109533657687,7.944167137145996,0.0,5606,0
6.902430064353372,80.9083381159719,15.39222526550293,0.09,1044,1
6.753938547888415,80.95145724960965,10.581402778625488,0.09,978,1
26.566910959843344,68.7347287116978,9.937220573425293,0.0,55,0
8.584615265395588,76.97937655781836,20.301578521728516,0.061200000000000004,118,1
31.50297378302329,73.57565994628949,0.9559096097946167,0.054,195,0
27.018314390113403,97.46042604657296,21.685775756835938,0.36,1016,0
35.135760792002635,69.3653460411497,6.482913017272949,0.010799999999999999,1800,0
30.557047788845434,79.56005670603692,14.116389274597168,0.043199999999999995,1850,1
32.99004490435475,75.18912402809656,30.220378875732422,0.0036000000000000003,833,1
26.892729913393495,89.44969950043713,38.329978942871094,0.3276,1508,1
34.21894021303025,77.26638829109454,0.9559096097946167,0.0,3380,1
22.192744346880158,77.24321175676425,4.337616443634033,0.12240000000000001,357,0
30.90146186877686,78.77555796841534,44.37748718261719,0.0,5157,1
31.19925338546248,84.38832169512251,6.1326141357421875,0.0,4580,0
19.63577972216235,83.92910292188061,12.561261177062988,0.28440000000000004,433,0
25.8142125832796,90.57618686672302,5.379369735717773,0.05040000000000001,62,1
25.790227565193604,94.1318984243249,8.485103607177734,0.09360000000000002,1278,1
30.854300316360582,70.0884000133375,16.15003204345703,0.021599999999999998,1632,0
24.786090740604806,85.59242350195632,17.435047149658203,0.09720000000000001,123,0
15.202863289617751,79.6441390166305,25.8549747467041,0.07200000000000001,177,0
27.03744850566515,88.26257585247319,11.6431884765625,0.04680000000000001,2068,1
30.721978475009777,78.643775116235,46.9005012512207,0.3168,3284,1
26.45965211491947,87.27568668133948,1.432968020439148,0.0,73,1
29.005297967057373,68.21352618385166,2.201323986053467,0.0,112,0
33.49292180040485,83.71566321037382,3.5648295879364014,0.0,4974,0
32.59307938030233,93.27975654580912,5.276387691497803,0.0,4893,0
25.626913846540678,94.11384228711411,13.982973098754883,0.0,1566,1
15.541887477844458,73.92142149914709,12.95064640045166,0.18,10,1
27.87692413867484,87.86749679051742,39.69876480102539,0.0,4996,0
29.75341493567211,80.49331645470869,34.79026794433594,0.32400000000000007,1868,1
25.390836589874066,94.09255221488047,14.178383827209473,0.1368,1307,1
23.736409331111144,92.71462640056954,39.3826789855957,0.0648,1024,1
33.814698335176466,72.93938323054763,3.9398458003997803,0.018000000000000002,602,1
21.390997955803485,73.24445110103461,2.263903856277466,0.14759999999999998,112,0
26.99190392076029,88.42292513068853,30.335561752319336,0.2556,269,1
30.095942553506884,81.66750436258131,46.5364875793457,0.0,5009,0
27.213158975238926,77.85712042193154,5.154698848724365,0.014400000000000001,172,0
28.000083164127627,85.70992314111916,37.704689025878906,0.36,3107,1
34.180132992756285,74.2717644599537,1.1554419994354248,0.0,1589,1
23.731288933991664,91.82879769889928,16.112558364868164,0.2988,146,0
33.250376673692585,75.21014460574496,8.322665214538574,0.0648,714,1
26.88248911915453,88.280631989684,21.604570388793945,0.04680000000000001,1614,1
6.976810569878469,80.78167566091105,20.16409683227539,0.1332,1944,1
30.08785771594981,92.63216105748737,25.056081771850586,0.0,4811,0
27.86614435526541,84.63113631642003,14.058597564697266,0.1584,315,1
31.824480823209665,77.47012619753285,40.90104293823242,0.0,3672,1
35.513592200503304,90.79420798617882,8.618185997009277,0.0,5011,0
31.076633349180163,77.39143377864397,3.074591875076294,0.0036000000000000003,1306,1
19.04019668879111,72.90893034241597,9.820343017578125,0.0,48,1
26.349698324143244,75.94990724221738,2.3367655277252197,0.043199999999999995,299,0
27.59934471588191,76.6325370266198,1.441096544265747,0.025200000000000004,264,0
32.56047053548879,76.12049731467168,30.026927947998047,0.234,851,1
23.59088225508378,92.92968307958775,20.874500274658203,0.3096,795,1
23.33674886120637,80.58979551622312,2.824705123901367,0.014400000000000001,590,0
10.322855340166862,76.43203305520433,10.783416748046875,0.2664,42,1
34.298171621089594,78.78067836553481,17.988290786743164,0.0,4936,0
33.324487684632444,71.34316680219565,2.86560320854187,0.010799999999999999,536,0
29.50359345515847,75.10531121208821,2.2039742469787598,0.0,202,0
21.464030988402403,83.94608108075047,5.1225080490112305,0.04680000000000001,155,1
27.338743451958837,87.67103523788049,21.804147720336914,0.3276,1464,1
34.976489492128245,91.56226755410101,3.6922266483306885,0.0,4848,0
29.177774501608322,75.47020688049756,4.891872882843018,0.021599999999999998,209,0
13.65299992992634,79.34392204867775,37.04685974121094,0.2664,597,1
27.500979192270822,81.76479190785146,3.229928731918335,0.057600000000000005,118,0
26.04813388326432,94.46202929123884,30.415332794189453,0.30600000000000005,865,1
35.61815609957482,93.84461719646349,7.377155780792236,0.0,4729,0
28.082279012624564,96.53147821126497,30.8703670501709,0.2124,565,1
21.757241097139016,74.75523774586684,25.25966453552246,0.10080000000000001,395,0
10.903346676764897,77.50920291239204,1.364212155342102,0.0036000000000000003,305,0
31.512406093506545,78.11799118043984,52.488468170166016,0.1404,1729,1
33.62308768507377,72.97926842916253,0.0,0.0,579,1
19.878863838045095,81.50257367641697,2.164414405822754,0.1512,641,0
27.61039399387658,68.35042943315146,2.194300889968872,0.007200000000000001,53,0
28.931456450702747,91.9206953524647,24.637832641601562,0.0,4716,0
33.13287703452975,75.43921500319543,47.434627532958984,0.2484,1025,1
25.5083362290369,90.21910654128551,23.97571563720703,0.3168,323,1
16.86860932096058,96.14340600852533,3.946075916290283,0.0,28,1
9.157560753607019,77.25641699144082,15.987297058105469,0.2988,1070,0
29.37046313005196,69.39067853216187,3.606189489364624,0.0,756,0
14.770324480314201,79.1412621205804,7.14270544052124,0.10080000000000001,313,0
27.08999994978614,86.36991538036177,30.408287048339844,0.3204,1405,1
33.22154075307235,75.2691639199116,20.36172866821289,0.007200000000000001,738,1
27.451392188587423,87.60932097786147,16.99673843383789,0.3096,1109,1
20.82883225100149,92.40632459505971,1.022735834121704,0.2268,10,1
34.250471079502844,68.00062546151533,2.5013062953948975,0.0,2849,0
27.37027431843143,88.73338289288023,12.474638938903809,0.0828,3523,1
24.79929597528136,93.94810311719405,4.616055011749268,0.0,780,1
33.365989850758766,70.76078900350096,0.0,0.054,936,1
34.10575248723119,71.15694604379767,3.6770124435424805,0.0,1090,1
22.749520159977436,73.4285159027507,2.8180556297302246,0.057600000000000005,90,0
22.32856961783903,89.23491231600416,0.0,0.0,0,0
24.699582978744093,85.62853577637793,12.873483657836914,0.3276,253,1
35.40202144221566,88.0717736861262,5.309281826019287,0.0,5045,0
28.38761637769679,82.64738667449889,31.804397583007812,0.33840000000000003,1956,1
31.883769631961556,96.19434048513492,30.93702507019043,0.0,4292,0
35.929691840107466,77.18877385054661,33.80827713012695,0.0,5971,0
32.30391169034426,77.21060291195072,19.18777084350586,0.2484,3090,1
18.24626564068628,96.64089301287073,1.9112874269485474,0.018000000000000002,21,0
25.887784605048985,94.78623127727757,6.744506359100342,0.0,1166,1
33.13799743164923,75.51063106828293,35.682987213134766,0.0756,1194,1
35.37830591871491,71.78675488949388,52.86750030517578,0.12240000000000001,2397,1
27.167614390334066,88.36498379486281,21.017789840698242,0.0828,1509,1
23.321657164433162,87.1067135763966,2.175999164581299,0.014400000000000001,112,0
16.775094699883738,80.16480255530618,1.996169924736023,0.11159999999999999,70,0
23.909424854832565,72.08697185744661,2.2983720302581787,0.018000000000000002,76,0
29.126570530413506,81.25733360385233,26.13176918029785,0.1908,1601,1
27.01723641177246,97.15131575730744,30.080842971801758,0.36,1825,0
33.743821259259434,86.03816754593643,1.4948904514312744,0.0,4759,0
22.477330628889224,79.86108215774537,4.218339443206787,0.014400000000000001,515,0
29.798690025991732,80.41704948708694,34.386497497558594,0.057600000000000005,739,1
28.7770360533626,76.6241826944775,5.239565372467041,0.007200000000000001,220,0
28.278201576091032,84.27567295849393,18.91476821899414,0.234,967,1
12.804091986433392,74.86788648249542,6.419078826904297,0.043199999999999995,41,1
30.27488695810349,71.29627474436461,2.2128405570983887,0.021599999999999998,121,0
22.843843264809987,97.14511738184702,36.69407653808594,0.36,1554,0
30.754048330652846,79.49968991894409,10.469765663146973,0.014400000000000001,3141,1
29.604114935451445,79.53418522585427,8.728107452392578,0.11520000000000001,1785,1
32.36158353158473,77.23404894086623,30.311840057373047,0.0,3803,1
22.201907162778177,92.22172080417316,12.555501937866211,0.1332,40,1
27.11398496787213,84.9744724180105,2.873335123062134,0.007200000000000001,106,0
33.55328858749768,84.69877945731423,17.100431442260742,0.0,4991,0
16.933288021417184,78.33601229989566,3.5512261390686035,0.014400000000000001,569,0
15.502271773814787,76.70557005921873,1.9112874269485474,0.025200000000000004,380,0
27.66294543799757,73.96831355697813,1.9112874269485474,0.018000000000000002,307,0
35.162440755940985,87.57186123051369,3.6955742835998535,0.0,4887,0
24.00401745425035,93.9815204457633,25.04779052734375,0.14400000000000002,1460,1
28.10599453612532,72.34784261595492,1.4448792934417725,0.007200000000000001,140,0
28.025685149725035,85.7260928162333,40.81084442138672,0.054,3765,1
31.52291638233074,75.74320489534148,0.0,0.018000000000000002,253,0
28.3921977856458,82.46952024824321,31.78951644897461,0.2736,2195,1
29.202837498035255,96.1326262251159,30.73872184753418,0.1656,2988,0
27.532779553328652,70.38107113290364,2.3572916984558105,0.0,127,0
26.697615833682733,75.51090056286817,2.1391642093658447,0.010799999999999999,330,0
29.256736415082425,80.60569569675204,15.093090057373047,0.36,2063,0
27.668604824287524,86.04140148095927,12.477113723754883,0.043199999999999995,2030,1
19.15068946873781,77.54531518681365,2.2372851371765137,0.025200000000000004,381,0
32.65991403744082,76.85298359734274,26.28554916381836,0.0,3684,1
23.185292904303818,76.31938431857574,3.956590175628662,0.021599999999999998,511,0
29.920232083933104,72.28990128012921,1.4593266248703003,0.0324,133,0
29.85878731849933,80.55476122014245,50.794681549072266,0.08639999999999999,987,1
6.763101363786435,81.02098685260049,28.51807975769043,0.11159999999999999,1037,1
14.422676465359945,76.27680417410848,0.9870097041130066,0.018000000000000002,697,0
27.81790482450819,84.44437656885158,7.055445671081543,0.2268,306,1
20.185818170628735,83.15026357054899,2.036262035369873,0.018000000000000002,182,0
30.733297247589682,78.43976771521146,37.04709243774414,0.16200000000000003,1446,1
22.3929788237104,74.41998648183342,1.0338547229766846,0.0792,331,0
27.2317541016202,86.82212729438754,20.223594665527344,0.16920000000000002,1380,1
26.914828469382833,87.33713144677326,39.04265213012695,0.2592,867,1
28.069882261703714,85.01004570326164,23.378225326538086,0.2664,1608,1
22.342044347100824,91.82421629095026,4.2161335945129395,0.0,28,1
32.389880463034494,72.72540452987036,0.9559096097946167,0.0756,188,1
29.35995284122776,80.12599533503221,19.71904182434082,0.32400000000000007,1380,1
22.22508369710846,92.18992044311533,7.253017425537109,0.2988,82,1
33.5406223419916,74.37228594024668,29.495447158813477,0.09360000000000002,1507,1
31.10304381853328,77.20359605273458,51.58173751831055,0.057600000000000005,2249,1
32.29340140152006,77.1804195184043,7.265965461730957,0.1368,2155,1
29.59872504374673,79.65923071340372,18.022905349731445,0.0,1597,1
24.841337130578154,91.27741177750671,0.0,0.043199999999999995,2,0
35.809766749677514,76.00434514843502,36.716400146484375,0.0,5015,0
28.451217099812453,82.28006555482241,9.444150924682617,0.028800000000000003,1319,1
27.763736412875783,97.82127929620378,37.66643142700195,0.36,1174,0
26.097720886947716,94.70322694502492,32.84461212158203,0.2808,1713,1
32.166469451873965,89.94449155893017,1.479319453239441,0.0,4609,0
34.93983822853617,76.83277150345005,52.778926849365234,0.0,4725,1
24.93350427872882,93.82736954300839,16.404653549194336,0.16200000000000003,1027,1
10.02371635055506,77.31920922980076,3.0250370502471924,0.0792,379,0
34.28146295680497,86.67660021836018,34.472389221191406,0.0,5342,0
25.617212041472186,96.30052135171785,18.480607986450195,0.05040000000000001,348,1
21.90061221648449,73.77346897185261,3.8183305263519287,0.05040000000000001,127,0
27.586139481205354,80.13057674298122,2.358248472213745,0.021599999999999998,142,1
30.454100857285336,78.39098919528377,30.730985641479492,0.025200000000000004,1135,1
7.623597574444524,80.63480111195751,2.86560320854187,0.32400000000000007,336,1
22.2148429028695,92.76933380137241,11.716804504394531,0.2124,180,0
13.389434225565672,79.13614172346091,2.1845314502716064,0.061200000000000004,351,0
34.39222523133691,97.47417027042,4.462152004241943,0.0,4523,0
24.40718135376319,94.06452477801594,30.33338737487793,0.29519999999999996,1169,1
27.40827305494969,87.27380021924283,21.80083656311035,0.12240000000000001,799,1
12.896259134584055,74.88594261970621,4.289675712585449,0.216,48,1
33.17033678187753,97.85523561394349,10.170771598815918,0.0,4259,0
28.899925584230154,80.87006988486841,16.138099670410156,0.27,1078,1
31.034322699298137,78.724892986391,44.12277603149414,0.0756,2497,1
25.17739687836727,93.01241791725516,16.961727142333984,0.010799999999999999,658,1
19.641978097622776,82.35417656576227,4.0534772872924805,0.10080000000000001,634,1
27.636265474059222,86.23247314189149,25.438562393188477,0.3312,1944,1
27.01669742260199,78.1333523717983,1.4368762969970703,0.014400000000000001,165,1
33.332842016774755,75.21310904618255,37.24180603027344,0.0396,1481,1
30.839747608757847,96.98315113612027,18.416397094726562,0.0,5079,0
32.846943279594505,89.73347729869049,6.661805152893066,0.0,5028,0
29.857170350987914,85.60482025287718,18.181705474853516,0.0,5682,0
35.826205919376896,86.40387169810148,2.542912721633911,0.0,4930,0
35.038203752147254,72.89545561315418,44.26013946533203,0.1764,711,1
16.939216902292372,73.47459947682604,15.561063766479492,0.1908,36,1
29.35591042244922,81.30988504797332,8.140837669372559,0.0324,1284,1
28.813148327784205,73.96481012737006,2.8988230228424072,0.014400000000000001,194,0
21.879591638836093,77.61484478980451,5.190903186798096,0.09720000000000001,530,0
35.828361876058786,70.05282672808637,29.962039947509766,0.0,4646,0
35.18750375236792,68.48868015537747,28.619401931762695,0.0,4144,0
17.64178928600225,97.55717460267265,1.3854783773422241,0.234,60,0
27.1032051844627,93.68831033702669,0.9559096097946167,0.0,145,1
24.6004089713773,92.38153109321802,6.979875564575195,0.36,98,1
28.119199770801877,95.16460167494871,47.10234069824219,0.36,792,1
27.818713308263895,85.77352386323481,21.641611099243164,0.22319999999999998,995,1
27.143629372248075,87.94807567150295,32.83858108520508,0.3024,2502,0
17.432661487859225,95.14304210812983,1.0019192695617676,0.0036000000000000003,4,0
25.497556445627467,94.12893398388731,39.284156799316406,0.14759999999999998,1718,1
6.874402627488843,81.04551085985696,10.569329261779785,0.10439999999999999,1027,1
28.16312738819532,85.98346014513355,23.659435272216797,0.0,3772,1
18.07621455740245,95.78659517767306,0.9559096097946167,0.028800000000000003,40,0
18.36646022570147,77.8034909994696,1.0072063207626343,0.010799999999999999,376,0
33.248220717010696,75.21310904618255,21.666353225708008,0.0324,709,1
27.79715374144503,89.78441177530007,18.604040145874023,0.36,3606,0
31.581396707326924,78.41281825668787,2.94580078125,0.0,2222,1
23.89595012557077,76.01808937228205,3.275747776031494,0.010799999999999999,458,0
8.122971040886567,80.66821844052676,4.9101104736328125,0.36,190,0
29.502245982232292,82.25042115044647,51.53179168701172,0.1908,2681,1
33.43713642126103,75.20259875735834,24.771575927734375,0.036000000000000004,1799,1
25.16230518159406,92.01043704934824,1.4243285655975342,0.10080000000000001,15,1
23.029794528622727,90.55678325658603,12.170405387878418,0.0684,4,0
27.07706420969482,88.48194444485517,13.346233367919922,0.010799999999999999,1213,1
28.72448460924161,90.3678675523357,15.596172332763672,0.0,4978,0
33.12910411033645,75.44622186241156,32.8480110168457,0.20160000000000003,1034,1
28.001430637053808,78.75372890701124,1.082620620727539,0.007200000000000001,167,0
21.368899399814143,74.43750362987376,29.844711303710938,0.025200000000000004,223,0
8.495143063097284,76.92089623282217,3.8605611324310303,0.0,1,1
35.18184436607797,75.92080182701191,37.777915954589844,0.0,2578,0
26.746124859025187,87.08596249333344,2.8681275844573975,0.0,95,0
30.709042734918455,76.9834189765969,24.068668365478516,0.2916,741,1
30.731410785493033,78.43464731809198,38.69927978515625,0.025200000000000004,1125,1
24.978509874463207,93.50262856779918,18.8636417388916,0.09720000000000001,1302,1
35.50254292250863,82.88319443658025,7.691086292266846,0.0,5277,0
28.039968362742535,83.89002620702142,16.066621780395508,0.36,841,1
25.00303388171967,83.02414010465861,2.1087543964385986,0.0,119,0
28.226458615725747,82.55306356966634,24.03679847717285,0.1404,1453,1
26.687914028614244,79.0744274634419,1.4345548152923584,0.0324,145,0
31.858437140949384,75.56452998533011,1.476431131362915,0.0396,237,0
26.883567097495476,88.27901502217257,21.17154312133789,0.11880000000000002,1552,1
27.812245438218238,89.9019114144629,51.06694030761719,0.36,3708,1
35.54808750741349,87.4171713385883,15.897237777709961,0.0,5173,0
29.767967643274847,71.47414117062027,0.9559096097946167,0.025200000000000004,116,0
31.315136057113897,95.1780764042105,23.806089401245117,0.0,4662,0
24.902512401426694,77.82397258794752,2.1070351600646973,0.018000000000000002,488,0
27.862910420242578,84.91410563091767,5.231903553009033,0.08639999999999999,1356,1
35.79548353666001,73.56488016288006,24.016271591186523,0.0,3916,0
21.228492720906264,95.01287622346092,3.8183305263519287,0.09,76,0
22.908252470681358,92.47208127385727,17.713268280029297,0.33840000000000003,178,1
33.829251042779205,87.92004823463841,7.687620639801025,0.0,5428,0
27.161416014873645,93.75245004831282,3.3583896160125732,0.07200000000000001,152,1
31.48976854834673,76.70422258629254,3.492194890975952,0.126,710,1
27.00942106880062,88.25907242286512,33.245880126953125,0.2736,2219,1
26.79032197100387,88.1100419172297,22.352901458740234,0.2772,624,1
21.085391096146026,92.14141141777287,7.603043079376221,0.0828,5,1
27.26247648433709,87.60177512947487,25.059185028076172,0.18,1871,1
27.60716005885375,86.9983767531318,67.89818572998047,0.11159999999999999,3575,1
17.70619849187362,79.98828360197669,0.9559096097946167,0.043199999999999995,194,0
23.647745612568546,97.52106232825103,2.2945547103881836,0.05040000000000001,795,0
27.526850672453463,85.56412657050656,18.59920883178711,0.09,1791,1
21.82757918388557,82.95002909371875,2.170660972595215,0.0,227,0
23.40573947502675,70.72252077239747,4.346366882324219,0.04680000000000001,92,0
28.503768543933443,84.15466988972302,43.63562774658203,0.0,6250,0
29.79303063970178,95.80438182029863,7.665151596069336,0.2592,2928,1
30.776955370397893,69.5577651750081,15.194427490234375,0.0,1660,0
29.684693816436965,75.86151301826003,2.2049567699432373,0.007200000000000001,226,0
19.026182970358846,72.86769767087489,2.161921262741089,0.0,4,1
30.730063312566852,78.43788125311481,7.914161682128906,0.0,1120,1
35.489068193246844,97.33376359151211,27.641029357910156,0.0,4343,0
31.504051761364234,77.95198251593456,40.78507995605469,0.09720000000000001,3549,1
25.30998821430331,94.48224138513152,31.02440071105957,0.09,1552,1
17.31731780537828,78.50875832903183,11.11158561706543,0.014400000000000001,540,0
29.770123599956733,96.57136340987988,15.09456729888916,0.0,4877,0
27.887164932913805,83.97033559342171,32.98420333862305,0.20160000000000003,540,1
27.75807702658583,85.41967747282014,7.14431619644165,0.04680000000000001,1375,1
16.3261167208808,95.17915438255145,2.154923677444458,0.021599999999999998,1,0
27.736786954352198,86.1634825280711,10.332576751708984,0.04680000000000001,961,1
28.449869626886272,83.34537765025975,16.985916137695312,0.10439999999999999,1882,1
24.352743447545546,85.71073162487487,2.1799798011779785,0.021599999999999998,360,0
17.33672141551526,97.23728452999768,13.173802375793457,0.252,42,0
33.69935465269552,86.72861267331069,1.494433045387268,0.0,4804,0
33.80661349761939,97.93365853824713,2.989041566848755,0.0,4685,0
33.9254606097084,82.07120725126462,13.157495498657227,0.0,5060,0
33.2204627747314,97.01387351883716,36.45172119140625,0.0,3812,0
12.616254260524,75.6952348591695,29.433393478393555,0.16920000000000002,1131,0
27.01858388469864,74.16315814210365,7.988542556762695,0.028800000000000003,322,0
29.03871529562662,82.74413523059856,13.110069274902344,0.018000000000000002,2676,1
27.14066493181048,86.39902079556724,13.72947883605957,0.08639999999999999,967,1
27.37350825345426,88.73230491453928,30.86281394958496,0.0684,3421,1
21.642166909243304,84.53492674949082,1.4039089679718018,0.061200000000000004,313,0
24.224194530388043,86.13087368325756,5.066954135894775,0.0396,304,0
28.213522875634425,84.72761537793446,37.9443473815918,0.32400000000000007,1231,1
26.634554100737542,81.58315255740249,5.136560916900635,0.05040000000000001,107,0
18.76315625516865,73.34712853800949,55.058624267578125,0.07200000000000001,347,1
25.060436228374908,93.98771882122372,34.895362854003906,0.20160000000000003,1496,1
24.30827684098163,91.73339661572578,1.4189809560775757,0.0,18,1
24.50743333947093,76.16981482376984,0.9559096097946167,0.021599999999999998,320,0
35.72757090118058,71.70940994353118,40.621803283691406,0.025200000000000004,1788,1
27.29158189954256,81.75050869483395,1.4388502836227417,0.025200000000000004,108,0
33.121827756535076,75.40849262047854,36.53706359863281,0.0648,1110,1
29.939635694070088,73.12425651601943,3.613734006881714,0.018000000000000002,144,0
29.488771252970498,97.49896377226169,29.357707977294922,0.0324,4706,0
24.51390120951659,78.25812836476248,4.2537736892700195,0.10439999999999999,391,0
30.305878835405615,78.06490074714839,6.21088981628418,0.0,655,1
30.22961186778387,83.62268757846745,2.4091711044311523,0.0,4727,0
27.103474679047935,93.68857983161192,2.8731849193573,0.0,146,1
24.109120342492332,70.45572113301398,2.3013229370117188,0.0,2,0
25.723931897225583,89.90325888738909,12.86007022857666,0.10439999999999999,33,1
31.38843858429805,71.6374548892732,0.0,0.007200000000000001,162,0
17.43185300410352,82.56465183683147,1.3846386671066284,0.20519999999999997,73,0
34.50972487049974,69.06297311651507,2.5079236030578613,0.0,1868,0
34.466605736862,72.67932095579502,33.822425842285156,0.043199999999999995,917,1
35.365370178623586,75.07755326980892,42.3469123840332,0.0,4226,0
32.83104309906559,75.36510399225557,24.776268005371094,0.0684,1371,0
24.57831041538796,91.72261683231635,1.4206434488296509,0.11520000000000001,11,1
27.219087856114115,89.51869011425751,26.12337875366211,0.126,2154,1
27.982027026916825,85.97564480216171,37.10182571411133,0.18720000000000003,2047,1
27.0536181807793,88.42562007654088,29.314237594604492,0.28800000000000003,242,1
33.512594905127074,95.50093091732306,17.174560546875,0.0,4927,0
30.400740929408638,79.0278049001961,25.129199981689453,0.1584,1024,1
27.89524977047088,85.60158631785434,22.881738662719727,0.043199999999999995,1563,1
31.393289486832295,79.80152385440825,2.214750051498413,0.0,4226,0
24.83729471179962,85.12889281535065,5.252420902252197,0.007200000000000001,98,0
24.325524494436724,69.31468105912536,4.940415859222412,0.010799999999999999,25,0
27.05900807248402,93.54224427182885,13.199104309082031,0.36,494,1
23.731288933991664,92.71866881934808,16.283130645751953,0.054,1024,1
25.954888756772714,95.0856397614746,19.830242156982422,0.23040000000000002,3031,0
21.934838028809445,78.32469352731574,0.9559096097946167,0.04680000000000001,684,0
23.386335864889766,81.92379371314061,2.290797472000122,0.028800000000000003,607,0
32.45914057144011,78.97121103729657,15.960966110229492,0.0,5129,0
32.39661782766539,85.60293379078053,7.684921741485596,0.0,5015,0
21.52008586213146,91.9694738723924,1.4032748937606812,0.014400000000000001,8,1
35.88872866315162,82.71934172875686,3.9954309463500977,0.0,5098,0
26.877099227449815,87.32150076082958,19.23710823059082,0.234,1023,1
21.128779724368997,75.66936337898686,5.7169413566589355,0.04680000000000001,177,0
21.23280463427004,92.19908325901335,11.541050910949707,0.23760000000000003,64,1
20.98486961585305,76.99015634122779,1.4005502462387085,0.018000000000000002,269,0
31.016266562087335,77.09903215366307,8.746021270751953,0.036000000000000004,1694,1
29.274792552293228,89.51276123338232,33.86323928833008,0.0,4907,0
30.09163064014311,85.95031231114955,4.512512683868408,0.0,5059,0
19.666232610294003,75.82081933588941,3.5095841884613037,0.010799999999999999,499,0
23.197959149809904,94.29817658341543,2.823112726211548,0.0,102,1
28.163666377365793,78.36215327466353,1.9112874269485474,0.061200000000000004,193,0
28.274159157312493,83.7418041851417,10.454277038574219,0.0396,893,1
22.955953012268104,91.58409661550512,3.649756669998169,0.20879999999999999,11,0
27.926241647773004,74.30572077769342,0.9559096097946167,0.018000000000000002,303,0
22.643608787979748,72.26968918623652,1.4092919826507568,0.0036000000000000003,14,0
33.44710772091476,96.76486052207922,33.51862335205078,0.05040000000000001,4548,0
29.519493635687386,80.46906194203746,13.452360153198242,0.0396,2004,1
23.97464254445964,87.46271592349316,2.2993321418762207,0.010799999999999999,68,0
34.69190321011918,72.42491806733238,18.64246940612793,0.043199999999999995,2445,0
35.65130393355883,78.35730237212928,32.94858169555664,0.0,5342,0
33.725495627463395,82.18116104204086,17.386415481567383,0.0,5497,0
27.125034245866804,93.71445131179456,6.101911544799805,0.0,128,1
21.030683695343146,78.16084081949235,2.1680116653442383,0.007200000000000001,301,0
29.596569087064843,70.76537041144998,2.3963277339935303,0.021599999999999998,107,0
30.33875717480439,81.02044786343002,22.16399574279785,0.0,4610,0
22.00005571843652,92.3332915624608,11.152804374694824,0.20160000000000003,219,1
27.78987738764366,86.34997278105432,14.64948844909668,0.014400000000000001,4139,1
25.844665471411247,92.85961448742643,3.711118221282959,0.09360000000000002,80,0
29.26751619849186,80.94984028209822,24.4731388092041,0.16200000000000003,653,1
34.84308967243649,71.24075885980602,4.51136589050293,0.0036000000000000003,1290,0
22.21807683789233,96.4632960812003,3.2387139797210693,0.216,1141,0
26.677403739790044,88.9217596079601,3.5736334323883057,0.028800000000000003,91,0
30.8949939987312,77.08906085400935,31.044954299926758,0.16200000000000003,1654,1
31.29734941448833,96.39619192947657,33.949459075927734,0.061200000000000004,4302,0
27.174890744135435,92.30149120140297,41.35844039916992,0.36,2050,0
25.65655825091662,96.34956936623077,3.054910182952881,0.043199999999999995,268,1
26.85985157399472,89.39418361587855,28.2623291015625,0.36,389,1
31.022734432132992,77.10280507785637,21.843555450439453,0.2772,1685,1
23.356691460513822,80.83207114835015,1.9112874269485474,0.010799999999999999,485,0
28.595666197498872,93.42447513808078,23.747060775756836,0.36,3779,0
18.7650427172653,81.35489064370772,11.457056999206543,0.10439999999999999,491,0
16.107826106839756,73.71660561436784,4.87069845199585,0.12240000000000001,20,1
12.121731696616203,78.22551951994895,1.3672289848327637,0.1296,487,0
27.500170708515114,86.58335509186857,25.406843185424805,0.14400000000000002,2273,1
33.38512396631051,74.25613377401002,25.65362548828125,0.05040000000000001,1097,1
34.935526315172396,73.82952384558166,37.28385543823242,0.0,2970,1
27.025590743914773,88.43020148448988,36.4516716003418,0.33840000000000003,298,1
16.567583869252125,73.66082023522402,28.080350875854492,0.23760000000000003,68,1
29.248382082940115,79.53714966629187,2.389441967010498,0.0,488,1
33.073857720363094,74.39061157204272,7.930068016052246,0.11880000000000002,557,0
15.293143975671763,74.14483251030761,5.611265182495117,0.19440000000000002,68,1
34.69621512348295,81.08512656388662,6.09700345993042,0.0,5188,0
35.72757090118058,87.66564534617576,6.986062049865723,0.0,5173,0
32.56478244885256,87.2840410134818,6.561742305755615,0.0,5286,0
26.84179543678392,84.26085075630596,1.9112874269485474,0.0828,77,0
22.440679365297147,96.8397800167748,10.48979377746582,0.3492,837,0
29.547790567137152,79.3210150089327,27.605224609375,0.2664,854,1
14.516460581022024,75.80141572575242,1.3741953372955322,0.0,533,0
14.386294696353104,74.7129270959848,30.64345359802246,0.2772,376,0
32.35349869402765,72.808408862123,2.2621777057647705,0.198,191,0
11.40460660530359,76.69532926497976,5.798430442810059,0.0,2208,1
35.977392381694216,81.0932114014437,32.49925994873047,0.0,5982,0
24.346814566670357,77.90994136063776,0.0,0.0648,422,0
28.19061583588938,82.31402187256214,21.697538375854492,0.2772,854,1
25.626374857370205,94.10575744955703,16.493518829345703,0.16920000000000002,1511,1
24.846457527697638,88.76329679184141,1.4223201274871826,0.0,14,0
26.031964208150168,94.54665059100289,41.33277893066406,0.18,1554,1
26.23085121205423,90.1498464328799,2.187897205352783,0.0324,34,0
33.01187396575885,97.14107496306848,33.488155364990234,0.0,3806,1
17.633165459274704,77.7522870282748,0.9559096097946167,0.025200000000000004,636,0
18.818672139727237,82.31186591588025,2.86560320854187,0.025200000000000004,600,0
23.539678283888968,93.37839156400545,11.14062213897705,0.1548,1564,1
25.146405001065144,74.88109171717197,1.0559697151184082,0.0396,373,0
9.89570642256803,76.9346404566692,11.069718360900879,0.3024,745,1
23.48685734518274,87.19349083284254,2.1766200065612793,0.04680000000000001,91,0
15.544851918282053,80.05242331326282,1.9837980270385742,0.0,14,0
19.38946167125678,95.01664914765422,4.15779972076416,0.14759999999999998,137,0
30.942155551147472,76.80043215322175,3.8461225032806396,0.007200000000000001,434,1
34.17501259563681,73.75433485630086,31.730127334594727,0.05040000000000001,1110,1
30.741112590561524,79.49295255431319,11.600726127624512,0.0,3084,1
32.991392377280924,75.19154947936369,26.752883911132812,0.0036000000000000003,815,1
32.617333892973555,75.26404352279212,19.08437156677246,0.09,490,1
26.722409335524432,95.02419499604083,17.77638816833496,0.1512,691,1
30.28539724692769,78.98279930446171,9.71875,0.036000000000000004,648,1
25.623679911517847,94.11357279252887,35.20854568481445,0.036000000000000004,1604,1
26.18072521920036,94.54961503144048,33.063846588134766,0.16200000000000003,1650,1
25.505371788599305,74.01062420686016,4.272602081298828,0.0396,609,0
22.13345553812827,96.46679951080837,16.10617446899414,0.28440000000000004,1277,1
30.97934580391002,82.12348920080038,5.638387680053711,0.0,5237,0
21.281583154197726,71.53612492522453,3.0749266147613525,0.018000000000000002,183,0
24.55809832149527,88.18253596065814,2.3080790042877197,0.028800000000000003,23,1
33.23744093360126,75.24517890182561,37.99203872680664,0.061200000000000004,894,1
23.844746154375958,93.05149463211436,27.65323257446289,0.3204,1086,1
23.79462016152209,69.51626300888178,2.830052137374878,0.010799999999999999,4,0
28.203821070565937,83.98057638766066,1.084664225578308,0.0,831,1
33.49319129499009,93.49966412736158,2.2281908988952637,0.0,4699,0
24.42793243682635,94.05643994045887,15.960983276367188,0.18,888,1
34.61374978040078,91.89617134520824,2.3219316005706787,0.0,4802,0
28.612105367198257,81.64648378493291,24.66463279724121,0.23040000000000002,1013,1
23.153492543245985,94.26395077109048,27.28931999206543,0.23760000000000003,653,0
23.339713301643965,87.21990130219567,4.265206336975098,0.04680000000000001,73,0
25.954080273017006,90.66485058526561,5.217182159423828,0.05040000000000001,65,0
24.759410776666453,97.56337297813306,12.710545539855957,0.09,286,1
31.47117342196546,77.67467258772686,51.032440185546875,0.08639999999999999,1074,1
17.806450477581357,96.97129337436989,12.84143352508545,0.3024,126,0
17.9428147377107,78.34221067535609,3.0118350982666016,0.014400000000000001,501,0
29.078600494241524,83.16966718068598,43.86697769165039,0.0,4373,0
34.39626765011545,75.41657745803562,56.04352951049805,0.0,4811,0
21.32578026617641,73.34928449469136,8.372764587402344,0.126,78,0
31.4684784761131,94.78057189098762,17.380046844482422,0.0,4644,0
18.351368528928262,73.17249604677664,8.274072647094727,0.33840000000000003,134,0
16.078181702463812,78.87419298661166,39.28901672363281,0.1296,346,1
34.24777613365049,90.56513758872835,3.679443120956421,0.0,5602,0
30.814954106916147,78.22417204702278,16.841201782226562,0.10439999999999999,1351,1
29.31683370759002,81.58342205198772,57.55097198486328,0.36,2253,1
29.164569266931764,80.97274732184327,14.68342113494873,0.216,1257,0
30.662420171672654,75.08456012902505,1.4656637907028198,0.028800000000000003,216,0
24.761566733348342,90.48482820232806,5.811790466308594,0.1404,13,0
27.94079435537574,85.31780851960099,20.70772361755371,0.20879999999999999,1191,0
32.050856274807785,78.4904326972358,19.959516525268555,0.0,3181,0
20.657972683961955,75.06353955137665,5.806312561035156,0.007200000000000001,324,0
29.580129917365454,80.2213964182057,11.251360893249512,0.0324,1540,1
26.85715662814236,88.31431881283848,16.15052604675293,0.18,1077,1
34.00954292030199,74.59138503804343,26.29995346069336,0.0324,1840,1
27.28780897534926,88.74874408423868,32.95794677734375,0.2484,2094,0
27.26436294643374,88.1364523865828,17.978483200073242,0.3276,1269,1
34.09685916591841,74.41163214969112,10.936826705932617,0.021599999999999998,2064,1
33.283255013091356,82.89289624164876,0.9559096097946167,0.0,4966,0
25.528009333759115,90.76483307638811,10.127164840698242,0.33840000000000003,302,0
28.04616673820296,83.26264281259235,18.368392944335938,0.22319999999999998,1518,1
29.308209880862474,81.0570991270221,19.025522232055664,0.1404,1699,1
27.556764571414643,85.11730454818552,34.31951141357422,0.20879999999999999,1596,1
25.723392908055114,87.42741213282727,3.1802079677581787,0.028800000000000003,34,0
22.355519076362615,91.82044336675696,0.9559096097946167,0.061200000000000004,23,1
27.11398496787213,88.46577476974103,25.8857479095459,0.1512,260,1
19.58134181594471,85.26202314045716,4.174890041351318,0.021599999999999998,6,0
26.85014976892623,72.50846138875549,3.5755741596221924,0.010799999999999999,287,0
7.4239020867847545,80.61027710470104,17.574764251708984,0.36,437,1
28.796978652670056,91.85035726571815,16.999399185180664,0.0,4798,0
26.169945435790925,91.79861430535286,1.0650686025619507,0.29519999999999996,144,1
14.698638920641462,76.30240615970588,0.9559096097946167,0.014400000000000001,632,0
31.515909523114612,78.2619012889558,42.443267822265625,0.0396,1910,1
29.345939122795496,81.0083206070944,21.20799446105957,0.1512,1841,1
30.278390387711557,68.53045181608901,6.598702907562256,0.0,1447,0
27.56484940897172,84.24306411368039,1.9112874269485474,0.2556,153,0
9.59575894920052,78.91030526103326,3.4765634536743164,0.007200000000000001,4,0
24.32714146194814,82.03778992269538,22.331432342529297,0.16920000000000002,376,0
16.655978093209487,73.51771861046377,5.327730178833008,0.2412,98,1
21.511462035403913,77.74716663115531,4.877379894256592,0.216,774,0
33.75271458057222,81.87178125819008,16.96967124938965,0.0,5186,0
28.571411684827645,77.21356735238831,1.9112874269485474,0.0,216,1
12.496329170094045,76.11672439047838,2.17822265625,0.057600000000000005,860,0
26.097720886947716,94.74984950827073,6.744800090789795,0.36,1548,1
24.91437016317707,68.67597889211638,2.31356143951416,0.018000000000000002,12,0
27.792841828081254,84.43359678544213,43.39950942993164,0.32400000000000007,428,1
29.14920807557332,74.06101969429926,1.9112874269485474,0.0,198,0
19.151497952493518,74.06533160766304,3.505894184112549,0.07200000000000001,622,0
17.148075205850162,81.33845147400832,2.7654342651367188,0.20519999999999997,103,0
24.49961799649909,88.56387079876687,0.9559096097946167,0.0396,13,0
28.002239120809516,85.13293523412919,18.607757568359375,0.1404,1379,1
23.74691961993534,86.62000635546065,4.1703267097473145,0.12240000000000001,188,0
27.550835690539454,88.64741412018999,41.73267364501953,0.2916,1384,1
24.797948502355183,79.46923703081244,3.052337408065796,0.025200000000000004,300,0
25.44769994735883,94.04889409207226,24.79783058166504,0.36,1325,1
21.181600663075226,81.51362295441163,3.521190881729126,0.007200000000000001,286,0
27.107247603241234,93.65165907343462,14.443258285522461,0.2268,317,1
25.616673052301714,96.31669102683199,3.5621349811553955,0.0,269,1
33.33418948970093,75.1969393710684,34.5319709777832,0.025200000000000004,1160,1
16.703139645625765,74.780570236879,2.9916141033172607,0.025200000000000004,585,0
22.353093625095493,70.68398304670875,1.0335586071014404,0.025200000000000004,90,0
27.7691263045805,84.85454732758055,22.9361515045166,0.36,725,1
30.733297247589682,78.44030670438192,39.84471893310547,0.16200000000000003,1463,1
32.443509885496425,97.51540294196109,22.928789138793945,0.0,4738,0
12.844516174218771,75.24760435309274,12.681356430053711,0.0324,54,1
17.694071235538008,74.26960850327181,1.9112874269485474,0.010799999999999999,862,0
26.116046518743754,94.24212170968637,28.156673431396484,0.36,1399,1
27.440073416007518,92.28316556960694,7.136906147003174,0.36,2612,1
23.321387669847926,93.7508330808014,37.48664474487305,0.1836,2054,1
29.469637137418754,85.1593457034823,14.153923988342285,0.0,4662,0
33.270588767585274,75.77015435386507,35.39814758300781,0.0828,1146,1
33.921957180100335,93.65839643806551,1.1519297361373901,0.0,4474,0
33.03639797301531,74.48897709565381,14.986998558044434,0.1404,627,1
34.161807360960246,77.55286103520025,18.485557556152344,0.0,3653,1
25.425870885954726,94.60243597014671,11.736433029174805,0.3168,1335,1
33.18030808153126,75.81003955247998,31.865217208862305,0.0324,1149,1
21.072455356054704,71.1467052495587,18.365896224975586,0.07200000000000001,319,0
27.46136348824115,93.9793644890814,39.493743896484375,0.2556,1684,0
25.57732684285728,91.8665269408323,7.603043079376221,0.036000000000000004,1473,1
28.388424861452496,82.28249100608953,15.56497573852539,0.36,1917,1
18.72003712153091,73.47001806887702,23.695261001586914,0.1764,764,1
25.524236409565816,92.99139733960676,17.940357208251953,0.32400000000000007,156,1
20.448844885818932,73.20240994573783,2.252263307571411,0.0792,93,0
31.702938765268296,76.93598792959538,37.506690979003906,0.05040000000000001,771,1
33.9074044724976,83.61810617051844,1.4965827465057373,0.0,5056,0
27.316644895969496,86.50008126503069,22.08008575439453,0.3204,1697,1
33.31909779292773,75.1931664468751,46.978824615478516,0.0828,1280,1
11.3415448723584,76.86942276704212,29.332168579101562,0.36,629,1
20.50409127579228,85.70965364653392,0.9559096097946167,0.021599999999999998,34,0
19.75300986673995,77.70970688380753,4.166664123535156,0.010799999999999999,311,0
28.098987676909186,83.8733175427368,21.663402557373047,0.0684,844,1
27.478072152525773,88.52695004058957,24.419137954711914,0.2628,748,1
30.432541290466467,78.07675850889876,24.745101928710938,0.3024,1427,1
25.34636998331015,93.05526755630765,29.174633026123047,0.36,374,0
27.403961141585913,87.06494191568504,27.73143768310547,0.23760000000000003,714,1
31.613197068384753,91.64850582137649,6.2779436111450195,0.0,4733,0
27.346828289515912,88.65145653896853,6.553594589233398,0.17279999999999998,1713,0
30.040426668948296,75.30096428096944,3.615095615386963,0.0036000000000000003,213,0
32.92401873097196,83.36262530371485,4.4519147872924805,0.0,4533,0
25.622601933176902,96.29459247084266,9.865374565124512,0.0,322,1
25.419133521323833,94.10791340623892,8.67480182647705,0.0,1392,1
32.39014995761973,96.77698777841483,38.38541030883789,0.061200000000000004,3959,0
27.016427928016753,88.24748415569998,9.731169700622559,0.108,2189,1
31.003330821996013,70.28593954431538,1.9112874269485474,0.0396,687,0
27.87773262243055,94.24993705265821,35.037559509277344,0.1512,965,1
32.64967324320186,83.12816501455966,2.965909242630005,0.0,4710,0
14.03541274637602,74.66253160854569,7.276507377624512,0.36,213,1
28.128362586699897,94.38118091566807,44.161556243896484,0.3204,1718,0
33.07601367704498,77.89134623425649,18.71567153930664,0.0,4816,0
29.779825405025225,91.8274502259731,8.101775169372559,0.0,3902,0
34.81640970849814,79.10380237323261,1.164291501045227,0.0,5242,0
27.33928244112931,88.618847694155,25.91274070739746,0.3024,1859,1
29.75341493567211,80.27421735691193,12.423187255859375,0.23760000000000003,1338,0
31.410537140287392,92.54538380104142,21.476715087890625,0.0,4748,0
30.61795356510874,78.32334605438957,48.457977294921875,0.061200000000000004,893,1
19.106761851344366,79.12185851044342,0.9559096097946167,0.30600000000000005,236,0
27.85940699063451,83.7711790949324,22.0199031829834,0.14400000000000002,1172,1
23.582258428356234,68.435589722086,0.0,0.0,0,0
11.002251189546456,79.75570977491815,3.0260236263275146,0.028800000000000003,3,0
21.49151943609646,74.01035471227492,0.0,0.0,97,0
27.667526845946583,86.7172939007308,41.92698669433594,0.36,2437,1
27.812245438218238,84.67991483634772,21.84114646911621,0.1836,353,1
25.904223774748374,82.27548414687341,1.0626587867736816,0.0036000000000000003,90,0
27.33281457108365,86.07966971206275,29.061689376831055,0.1836,1099,1
32.857453568418705,77.7366563423311,32.607200622558594,0.0,4848,0
19.339874667573383,73.77454695019355,46.5629768371582,0.18720000000000003,628,1
33.30858750410353,71.52345867971844,3.9222965240478516,0.0,399,0
32.82268876692328,77.32001771355648,45.77459716796875,0.0,5003,0
27.08487955266666,81.49206338759276,1.0736279487609863,0.0,101,0
32.70303317107856,75.95691410143351,38.932037353515625,0.10080000000000001,1978,1
34.08041999621902,80.69516789905035,6.759267807006836,0.0,4834,0
17.465539827258002,78.35649388837358,1.9112874269485474,0.028800000000000003,603,1
34.24723714448002,83.29498216282065,3.0894014835357666,0.0,5148,0
22.84249579188381,71.36337889608834,1.0372388362884521,0.014400000000000001,105,0
21.669924851522598,75.65831410099219,2.17012619972229,0.018000000000000002,325,0
28.14372377805834,84.69797097355851,20.926925659179688,0.32400000000000007,795,1
27.774516196285216,85.24019407905305,7.897029876708984,0.054,1112,1
28.532873959138914,68.84872492125257,5.7169413566589355,0.0,102,0
27.125034245866804,93.77050618552363,30.28433609008789,0.1908,157,1
26.910247061433825,82.28949786530566,3.351508140563965,0.0,90,0
28.37602811053165,83.49467765048041,31.10201644897461,0.11159999999999999,936,1
32.991392377280924,75.19424442521604,28.541841506958008,0.010799999999999999,846,1
30.30102793287137,79.36278666964427,23.87851905822754,0.0792,1029,1
35.73565573873765,79.78777963056122,41.127864837646484,0.0,5634,0
22.80449705536555,91.91261051490763,1.4101873636245728,0.2124,33,1
26.95983406511722,86.55990906295305,44.52529525756836,0.3096,1319,1
12.496329170094045,76.23287655671503,0.9791002869606018,0.054,818,0
29.25700590966766,88.99829607016707,35.58154296875,0.0,4372,0
26.10984814328333,91.80319571330188,2.1283066272735596,0.0,58,1
22.90986943819277,79.10541934074402,0.9559096097946167,0.057600000000000005,360,0
28.42022522251033,84.89955292331494,34.236637115478516,0.32400000000000007,1964,1
26.89488587007538,70.7354565124888,1.9112874269485474,0.0,199,0
34.01223786615435,77.99887457376559,17.221420288085938,0.0,4900,1
33.464894363540324,71.66036192901825,6.381042003631592,0.04680000000000001,449,0
24.548127021841545,85.95812765412138,0.0,0.05040000000000001,218,0
28.206516016418295,85.57490635391599,7.678244590759277,0.0,3853,1
19.1355977719646,72.99813305012904,5.1766462326049805,0.0,6,1
33.183811511139325,75.80815309038331,34.13922119140625,0.05040000000000001,1108,1
25.514534604497324,90.21668109001838,13.044254302978516,0.1404,316,1
16.072791810759096,76.29081789254074,4.839349746704102,0.014400000000000001,513,0
9.345398479516412,76.5716312503565,2.720172643661499,0.3132,12,0
26.938813487468824,97.69192189529056,0.9559096097946167,0.3168,346,0
27.20507413768185,86.65692711363796,34.10709762573242,0.1512,1733,1
25.181439297145804,93.11805979466762,12.612350463867188,0.14759999999999998,580,1
30.487518185854583,78.03660381569861,33.764122009277344,0.1836,1330,1
29.15837089147134,79.14638251769988,3.280588388442993,0.0,227,1
